"location","year","hospital_employment","hospital_hc_assistants","hospital_hc_other","hospital_non_hc_staff","pa_caring","pa_dentists","pa_midwives","pa_nurses_all","pa_nurses_assoc","pa_nurses_pro","pa_pharmacists","pa_physicians","prac_physiotherapists","total_hns","pa_usually_mentioned"
"AUS",1980,NA,NA,NA,NA,NA,6.283,NA,NA,NA,NA,NA,NA,NA,NA,NA
"AUS",1981,225.376,NA,NA,NA,NA,6.38,NA,NA,NA,NA,NA,NA,NA,NA,NA
"AUS",1982,NA,NA,NA,NA,NA,6.516,NA,NA,NA,NA,NA,NA,NA,NA,NA
"AUS",1983,NA,NA,NA,NA,NA,6.631,NA,NA,NA,NA,NA,NA,NA,NA,NA
"AUS",1984,NA,NA,NA,NA,NA,6.722,NA,NA,NA,NA,NA,NA,NA,NA,NA
"AUS",1985,NA,NA,NA,NA,NA,6.805,NA,NA,NA,NA,NA,NA,NA,NA,NA
"AUS",1986,250.3,NA,NA,NA,NA,6.897,NA,NA,NA,NA,NA,NA,NA,NA,NA
"AUS",1987,NA,NA,NA,NA,NA,6.977,NA,NA,NA,NA,NA,NA,NA,NA,NA
"AUS",1988,NA,NA,NA,NA,NA,7.076,NA,NA,NA,NA,NA,NA,NA,NA,NA
"AUS",1989,NA,NA,NA,NA,NA,7.178,NA,NA,NA,NA,NA,NA,NA,NA,NA
"AUS",1990,NA,NA,NA,NA,NA,7.221,NA,NA,NA,NA,NA,NA,NA,685.34046,NA
"AUS",1991,238.31,NA,NA,NA,NA,7.275,NA,NA,NA,NA,NA,NA,NA,674.16335,NA
"AUS",1992,NA,NA,NA,NA,NA,7.493,NA,NA,NA,NA,NA,NA,NA,679.32904,NA
"AUS",1993,NA,NA,NA,NA,NA,7.618,NA,NA,NA,NA,NA,NA,NA,713.6625,NA
"AUS",1994,NA,NA,NA,NA,NA,7.784,NA,NA,NA,NA,13.104,NA,NA,734.5874,NA
"AUS",1995,NA,NA,NA,NA,NA,8.278,NA,220.23,48.747,171.482,13.427,NA,NA,759.16454,NA
"AUS",1996,NA,NA,NA,NA,NA,8.534,NA,NA,NA,NA,13.834,NA,NA,759.43351,NA
"AUS",1997,NA,NA,NA,NA,NA,8.584,NA,222.528,46.311,176.217,NA,48.198,10.233,805.05183,270.726
"AUS",1998,NA,NA,NA,NA,NA,8.767,NA,NA,NA,NA,NA,48.917,11.425,797.86985,NA
"AUS",1999,NA,NA,NA,NA,NA,8.879,NA,224.822,45.432,179.389,14.747,50.223,10.158,841.23372,275.045
"AUS",2000,NA,NA,NA,NA,NA,8.992,NA,NA,NA,NA,NA,51.106,12.143,892.51398,NA
"AUS",2001,NA,NA,NA,NA,NA,9.205,NA,228.23,45.005,183.224,NA,53.384,11.49,901.77923,281.614
"AUS",2002,NA,NA,NA,NA,NA,9.356,NA,NA,NA,NA,NA,53.991,10.88,910.03969,NA
"AUS",2003,NA,NA,NA,NA,NA,9.678,NA,236.645,47.574,189.071,NA,56.207,11.028,951.50404,292.852
"AUS",2004,NA,NA,NA,NA,NA,10.041,NA,243.916,48.577,195.339,NA,58.211,11.558,977.12479,302.127
"AUS",2005,NA,NA,NA,NA,NA,10.074,NA,244.359,46.044,198.315,NA,60.252,14.39,1061.75322,304.611
"AUS",2006,NA,NA,NA,NA,NA,10.404,NA,NA,NA,NA,NA,62.425,13.19,1075.87057,NA
"AUS",2007,NA,NA,NA,NA,NA,NA,NA,263.332,50.99,212.342,NA,67.208,16.003,1101.13847,330.54
"AUS",2008,NA,NA,NA,NA,NA,NA,NA,272.74,50.879,221.861,NA,68.689,16.373,1191.97163,341.429
"AUS",2009,NA,NA,NA,NA,NA,11.882,NA,276.751,51.711,225.04,NA,72.739,17.263,1210.90032,349.49
"AUS",2010,NA,NA,NA,NA,NA,NA,NA,NA,NA,NA,NA,NA,20.365,1266.93091,NA
"AUS",2011,NA,NA,NA,NA,NA,12.599,NA,286.706,52.654,234.052,20.58,78.96,16.998,1332.30423,365.666
"AUS",2012,NA,NA,NA,NA,NA,13.266,NA,290.144,51.624,238.52,21.331,79.653,17.98,1373.52177,369.797
"AUS",2013,NA,NA,NA,NA,NA,13.472,23.565,292.758,50.747,242.011,21.838,82.408,19.092,1385.99839,375.166
"AUS",2014,NA,NA,NA,NA,NA,13.919,23.845,297.381,50.775,246.606,22.454,85.491,20.383,1481.58622,382.872
"AUS",2015,NA,NA,NA,NA,NA,14.311,23.748,303.435,50.848,252.587,23.134,87.999,21.511,1569.99141,391.434
"AUS",2016,NA,NA,NA,NA,NA,14.636,23.924,311.762,51.497,260.265,23.842,91.341,22.221,1634.59689,403.103
"AUS",2017,NA,NA,NA,NA,NA,15.059,23.823,319.315,51.529,267.786,24.609,95.194,23.325,1674.5644,414.509
"AUT",1980,NA,NA,NA,NA,NA,NA,1.1,NA,NA,NA,NA,NA,0.6,NA,NA
"AUT",1981,NA,NA,NA,NA,NA,NA,1.091,NA,NA,NA,NA,NA,NA,NA,NA
"AUT",1982,NA,NA,NA,NA,NA,NA,1.08,NA,NA,NA,NA,NA,NA,NA,NA
"AUT",1983,NA,NA,NA,NA,NA,NA,1.056,NA,NA,NA,NA,NA,NA,NA,NA
"AUT",1984,NA,NA,NA,NA,NA,NA,1.073,NA,NA,NA,NA,NA,NA,NA,NA
"AUT",1985,NA,NA,NA,NA,NA,NA,1.059,NA,NA,NA,NA,NA,0.991,NA,NA
"AUT",1986,NA,NA,NA,NA,NA,NA,1.075,NA,NA,NA,NA,NA,1,NA,NA
"AUT",1987,NA,NA,NA,NA,NA,NA,1.115,NA,NA,NA,NA,NA,1.073,NA,NA
"AUT",1988,NA,NA,NA,NA,NA,NA,1.116,NA,NA,NA,NA,NA,1.122,NA,NA
"AUT",1989,NA,NA,NA,NA,NA,NA,1.099,NA,NA,NA,NA,NA,1.163,NA,NA
"AUT",1990,NA,NA,NA,NA,NA,NA,1.09,NA,NA,NA,NA,NA,1.236,NA,NA
"AUT",1991,NA,NA,NA,NA,NA,NA,1.154,NA,NA,NA,NA,NA,1.317,NA,NA
"AUT",1992,NA,NA,NA,NA,NA,NA,1.204,NA,NA,NA,NA,NA,1.446,NA,NA
"AUT",1993,NA,NA,NA,NA,NA,NA,1.309,NA,NA,NA,NA,NA,1.578,NA,NA
"AUT",1994,NA,NA,NA,NA,NA,NA,1.34,NA,NA,NA,NA,NA,1.711,NA,NA
"AUT",1995,NA,NA,NA,NA,NA,NA,1.441,NA,NA,NA,NA,NA,1.803,275.88,NA
"AUT",1996,NA,NA,NA,NA,NA,NA,1.457,NA,NA,NA,NA,NA,1.905,284.29,NA
"AUT",1997,NA,NA,NA,NA,NA,NA,1.498,NA,NA,NA,NA,NA,1.992,292.57,NA
"AUT",1998,NA,NA,NA,NA,NA,NA,1.534,NA,NA,NA,NA,NA,2.057,297.14,NA
"AUT",1999,NA,NA,NA,NA,NA,NA,1.553,NA,NA,NA,NA,NA,2.147,297.65,NA
"AUT",2000,88.307,9.605,15.737,NA,NA,NA,1.522,NA,NA,NA,NA,NA,2.175,301.24,NA
"AUT",2001,89.309,9.547,15.693,NA,NA,NA,1.579,NA,NA,NA,NA,NA,2.218,312.28,NA
"AUT",2002,90.91,9.452,16.08,NA,NA,NA,1.65,NA,NA,NA,NA,NA,2.229,321.3,NA
"AUT",2003,92.021,9.487,16.271,NA,NA,NA,1.671,NA,NA,NA,NA,NA,2.358,330.02,NA
"AUT",2004,95.14,9.868,16.689,NA,NA,NA,1.658,NA,NA,NA,NA,NA,2.522,338.48,NA
"AUT",2005,96.482,9.773,16.922,NA,NA,NA,1.705,NA,NA,NA,NA,NA,2.623,346.2,NA
"AUT",2006,98.882,9.335,17.743,NA,NA,NA,1.737,NA,NA,NA,NA,NA,2.752,356.84,NA
"AUT",2007,100.14,9.721,17.306,NA,NA,NA,1.785,NA,NA,NA,NA,NA,2.72,365.15,NA
"AUT",2008,102.364,9.733,17.331,NA,NA,NA,1.818,NA,NA,NA,NA,NA,2.849,374.01,NA
"AUT",2009,104.553,9.725,17.764,NA,NA,NA,1.856,NA,NA,NA,NA,NA,2.911,386.71,NA
"AUT",2010,106.253,9.788,18.129,NA,NA,NA,1.907,NA,NA,NA,NA,NA,3.042,400.25,NA
"AUT",2011,108.365,9.654,18.863,NA,NA,NA,1.945,NA,NA,NA,NA,NA,3.213,407.28,NA
"AUT",2012,110.007,9.916,19.115,NA,NA,NA,1.975,NA,NA,NA,NA,NA,3.338,414.7,NA
"AUT",2013,111.167,9.954,19.411,NA,NA,NA,2.068,NA,NA,NA,NA,NA,3.431,419.94,NA
"AUT",2014,113.42,10.318,19.527,NA,NA,NA,2.1,NA,NA,NA,NA,NA,3.506,425.86,NA
"AUT",2015,114.903,10.784,19.952,NA,NA,NA,2.139,NA,NA,NA,NA,NA,3.621,438.54,NA
"AUT",2016,116.078,10.603,20.173,NA,NA,NA,2.226,NA,NA,NA,NA,NA,3.699,451.35,NA
"AUT",2017,117.982,10.641,20.911,NA,NA,NA,2.269,NA,NA,NA,NA,NA,3.905,459.07,NA
"AUT",2018,NA,NA,NA,NA,NA,NA,2.338,NA,NA,NA,NA,NA,NA,NA,NA
"BEL",1980,NA,NA,NA,NA,NA,NA,NA,NA,NA,NA,NA,NA,10.216,NA,NA
"BEL",1985,NA,NA,NA,NA,NA,NA,NA,NA,NA,NA,NA,NA,13.966,NA,NA
"BEL",1986,NA,NA,NA,NA,NA,NA,NA,NA,NA,NA,NA,NA,15.431,NA,NA
"BEL",1987,NA,NA,NA,NA,NA,NA,NA,NA,NA,NA,NA,NA,16.349,NA,NA
"BEL",1988,NA,NA,NA,NA,NA,NA,NA,NA,NA,NA,NA,NA,17.199,NA,NA
"BEL",1989,NA,NA,NA,NA,NA,NA,NA,NA,NA,NA,NA,NA,17.654,NA,NA
"BEL",1990,NA,NA,NA,NA,NA,NA,NA,NA,NA,NA,NA,NA,18.568,NA,NA
"BEL",1991,NA,NA,NA,NA,NA,NA,NA,NA,NA,NA,NA,NA,19.467,NA,NA
"BEL",1992,NA,NA,NA,NA,NA,NA,NA,NA,NA,NA,NA,NA,20.286,NA,NA
"BEL",1993,NA,NA,NA,NA,NA,NA,NA,NA,NA,NA,NA,NA,21.091,NA,NA
"BEL",1994,NA,NA,NA,NA,NA,NA,NA,NA,NA,NA,NA,NA,21.976,NA,NA
"BEL",1995,NA,NA,NA,NA,NA,NA,NA,NA,NA,NA,NA,NA,23.347,343.8,NA
"BEL",1996,NA,NA,NA,NA,NA,NA,NA,NA,NA,NA,NA,NA,24.331,351.8,NA
"BEL",1997,NA,NA,NA,NA,NA,NA,NA,NA,NA,NA,NA,NA,24.286,364.8,NA
"BEL",1998,NA,NA,NA,NA,NA,NA,NA,NA,NA,NA,NA,NA,25.009,373.1,NA
"BEL",1999,NA,NA,NA,NA,NA,NA,NA,NA,NA,NA,NA,NA,26.05,385.8,NA
"BEL",2000,NA,NA,NA,NA,NA,NA,NA,NA,NA,NA,NA,NA,18.218,400.9,NA
"BEL",2001,NA,NA,NA,NA,NA,NA,NA,NA,NA,NA,NA,NA,18.298,415.8,NA
"BEL",2002,169.349,15.823,17.473,58.992,NA,NA,NA,NA,NA,NA,NA,NA,17.615,426.5,NA
"BEL",2003,173.304,17.946,18.487,60.637,NA,NA,NA,NA,NA,NA,NA,NA,17.338,438.4,NA
"BEL",2004,175.821,15.597,19.054,62.158,NA,NA,5.639,113.919,NA,NA,NA,NA,17.317,448.8,NA
"BEL",2005,177.731,15.042,19.187,63.255,NA,NA,5.956,117.346,NA,NA,NA,NA,17.31,462.2,NA
"BEL",2006,182.60298,15.44608,19.98184,65.01703,NA,NA,6.183,119.623,NA,NA,NA,NA,17.451,473,NA
"BEL",2007,186.69956,15.08464,20.5372,66.48249,41.44,NA,6.434,121.991,NA,NA,NA,NA,17.544,484.1,NA
"BEL",2008,188.10987,15.20239,21.27313,66.70025,48.56,NA,6.681,124.064,NA,NA,NA,NA,18.43,496.8,NA
"BEL",2009,195.01132,15.07232,22.06203,69.74539,60.148,NA,7.005,126.473,NA,NA,NA,NA,18.57,513.9,NA
"BEL",2010,197.79321,14.74341,22.33101,71.8713,68.902,NA,7.327,129.916,NA,NA,NA,NA,18.839,532.4,NA
"BEL",2011,200.07241,14.79516,23.14789,71.66604,76.336,NA,7.632,134.572,NA,NA,NA,NA,18.325,549.5,NA
"BEL",2012,203.06613,14.56301,23.95362,72.49237,86.379,NA,8,138.392,NA,NA,NA,NA,18.742,562.1,NA
"BEL",2013,204.24596,13.93901,24.47863,72.81657,94.641,NA,8.324,142.901,NA,NA,NA,NA,19.201,570.9,NA
"BEL",2014,205.97215,12.83889,24.9825,73.65724,103.69,NA,8.671,147.437,NA,NA,NA,NA,20.844,580.7,NA
"BEL",2015,208.47492,12.51664,25.50255,74.55049,114.209,NA,NA,151.812,NA,NA,NA,NA,21.556,591,NA
"BEL",2016,208.57441,11.90204,25.3938,75.09889,124.111,NA,NA,143.47,NA,NA,NA,NA,21.462,605.9,NA
"BEL",2017,NA,NA,NA,NA,133.838,NA,NA,NA,NA,NA,NA,NA,23.001,618.4,NA
"BEL",2018,NA,NA,NA,NA,113.788,NA,NA,NA,NA,NA,NA,NA,NA,NA,NA
"CAN",1970,NA,NA,NA,NA,NA,NA,NA,NA,NA,NA,NA,31.148,NA,NA,NA
"CAN",1971,NA,NA,NA,NA,NA,NA,NA,NA,NA,NA,NA,32.914,NA,NA,NA
"CAN",1972,NA,NA,NA,NA,NA,NA,NA,NA,NA,NA,NA,34.482,NA,NA,NA
"CAN",1973,NA,NA,NA,NA,NA,NA,NA,NA,NA,NA,NA,35.902,NA,NA,NA
"CAN",1974,NA,NA,NA,NA,NA,NA,NA,NA,NA,NA,NA,37.274,NA,NA,NA
"CAN",1975,NA,NA,NA,NA,NA,NA,NA,NA,NA,NA,NA,39.077,NA,NA,NA
"CAN",1976,NA,NA,NA,NA,NA,NA,NA,NA,NA,NA,NA,40.104,NA,NA,NA
"CAN",1977,NA,NA,NA,NA,NA,NA,NA,NA,NA,NA,NA,41.464,NA,NA,NA
"CAN",1978,NA,NA,NA,NA,NA,NA,NA,NA,NA,NA,NA,42.316,NA,NA,NA
"CAN",1979,NA,NA,NA,NA,NA,NA,NA,NA,NA,NA,NA,43.161,NA,NA,NA
"CAN",1980,334.335,NA,NA,NA,NA,11.095,NA,155.178,NA,155.178,NA,44.239,NA,NA,199.417
"CAN",1981,NA,NA,NA,NA,NA,11.484,NA,161.094,NA,161.094,NA,45.511,NA,NA,206.605
"CAN",1982,NA,NA,NA,NA,NA,11.88,NA,164.125,NA,164.125,14.704,47.349,NA,NA,211.474
"CAN",1983,NA,NA,NA,NA,NA,12.271,NA,176.674,NA,176.674,15.337,48.821,NA,NA,225.495
"CAN",1984,NA,NA,NA,NA,NA,12.624,NA,187.963,NA,187.963,15.734,49.88,NA,NA,237.843
"CAN",1985,369.008,NA,NA,NA,NA,13.027,NA,194.392,NA,194.392,15.957,51.917,NA,NA,246.309
"CAN",1986,NA,NA,NA,NA,NA,13.164,NA,204.617,NA,204.617,16.448,53.173,NA,NA,257.79
"CAN",1987,NA,NA,NA,NA,NA,13.503,NA,210.825,NA,210.825,17.009,55.239,NA,NA,266.064
"CAN",1988,NA,NA,NA,NA,NA,13.742,NA,210.574,NA,210.574,17.374,56.298,NA,NA,266.872
"CAN",1989,NA,NA,NA,NA,NA,14.177,NA,221.085,NA,221.085,18.337,57.959,NA,NA,279.044
"CAN",1990,NA,NA,NA,NA,NA,14.341,NA,224.008,NA,224.008,18.896,58.487,NA,NA,282.495
"CAN",1991,413.217,NA,NA,NA,NA,14.514,0.037,231.069,NA,231.069,18.676,59.384,NA,NA,290.453
"CAN",1992,399.883,NA,NA,NA,NA,14.897,0.038,233.918,NA,233.918,19.368,60.416,NA,NA,294.334
"CAN",1993,381.299,NA,NA,NA,NA,NA,0.096,235.738,NA,235.738,19.91,61.757,NA,NA,297.495
"CAN",1994,354.21,NA,NA,NA,NA,NA,0.13,234.502,NA,234.502,20.307,61.775,NA,NA,296.277
"CAN",1995,NA,NA,NA,NA,NA,15.589,0.146,232.249,NA,232.249,20.647,61.88,NA,NA,294.129
"CAN",1996,NA,NA,NA,NA,NA,15.807,0.165,228.57,NA,228.57,21.195,61.837,NA,NA,290.407
"CAN",1997,NA,NA,NA,NA,NA,16.234,0.207,228.713,NA,228.713,21.465,61.971,NA,1351.3,290.684
"CAN",1998,NA,NA,NA,NA,NA,16.486,0.265,227.814,NA,227.814,21.754,62.95,NA,1381.215,290.764
"CAN",1999,NA,NA,NA,NA,NA,16.899,0.31,228.534,NA,228.534,23.589,63.664,NA,1392.715,292.198
"CAN",2000,NA,NA,NA,NA,NA,17.287,0.356,232.566,NA,232.566,23.632,64.462,NA,1421.48,297.028
"CAN",2001,NA,NA,NA,NA,NA,17.559,0.374,231.508,NA,231.508,23.619,65.235,NA,1457.78,296.743
"CAN",2002,NA,NA,NA,NA,NA,17.946,0.423,296.211,60.127,236.084,24.612,66.289,NA,1493.355,362.5
"CAN",2003,NA,NA,NA,NA,NA,18.202,0.454,309.652,63.138,246.514,25.04,66.583,NA,1538.775,376.235
"CAN",2004,NA,NA,NA,NA,NA,18.433,0.526,315.122,63.443,251.679,25.263,68.171,NA,1550.02,383.293
"CAN",2005,542.413,43.29,71.655,207.926,NA,18.764,0.525,321.154,64.953,256.201,25.426,69.619,NA,1566.225,390.773
"CAN",2006,547.87,NA,NA,NA,NA,19.008,0.632,326.164,67.3,258.864,26.207,70.87,NA,1606.01,397.034
"CAN",2007,556.432,NA,NA,NA,NA,19.268,0.645,332.788,69.709,263.079,27.9,72.903,15.918,1657.21,405.691
"CAN",2008,565.512,NA,NA,NA,NA,19.613,0.748,341.421,74.38,267.041,28.727,75.155,16.381,1693.38,416.576
"CAN",2009,580.619,NA,NA,NA,NA,19.951,0.838,348.487,76.944,271.543,30.07,78.623,16.847,1737.835,427.11
"CAN",2010,583.65,NA,NA,NA,NA,20.432,0.917,354.901,81.224,273.677,30.92,80.895,17.738,1782.535,435.796
"CAN",2011,588.565,51.175,86.243,230.126,NA,20.789,0.985,360.554,84.587,275.967,32.003,84.313,18.078,1817.985,444.867
"CAN",2012,595.864,NA,NA,NA,NA,21.292,1.092,365.41,88.211,277.199,33,87.306,18.725,1832.145,452.716
"CAN",2013,602.526,NA,NA,NA,NA,21.731,1.188,375.753,93.585,282.168,34.824,90.205,19.253,1856.91,465.958
"CAN",2014,611.934,NA,NA,NA,NA,22.134,1.255,383.836,98.124,285.712,36.273,92.708,20.134,NA,476.544
"CAN",2015,619.783,NA,NA,NA,NA,22.665,1.288,390.344,101.319,289.025,37.222,95.206,21.007,NA,485.55
"CAN",2016,636.055,56.725,91.507,220.558,NA,23.261,1.435,396.166,105.098,291.068,38.526,97.169,21.699,NA,493.335
"CAN",2017,643.229,57.365,92.539,223.114,NA,23.556,1.548,398.825,106.854,291.971,39.649,99.812,22.387,NA,498.637
"CAN",2018,NA,NA,NA,NA,NA,NA,NA,NA,NA,NA,NA,102.095,NA,NA,NA
"CHE",1970,NA,NA,NA,NA,NA,NA,NA,NA,NA,NA,NA,9.224,NA,NA,NA
"CHE",1971,NA,NA,NA,NA,NA,NA,NA,NA,NA,NA,NA,9.655,NA,NA,NA
"CHE",1972,NA,NA,NA,NA,NA,NA,NA,NA,NA,NA,NA,10.207,NA,NA,NA
"CHE",1973,NA,NA,NA,NA,NA,NA,NA,NA,NA,NA,NA,10.751,NA,NA,NA
"CHE",1974,NA,NA,NA,NA,NA,NA,NA,NA,NA,NA,NA,11.326,NA,NA,NA
"CHE",1975,NA,NA,NA,NA,NA,NA,NA,NA,NA,NA,NA,11.91,NA,NA,NA
"CHE",1976,NA,NA,NA,NA,NA,NA,NA,NA,NA,NA,NA,12.562,NA,NA,NA
"CHE",1977,NA,NA,NA,NA,NA,NA,NA,NA,NA,NA,NA,13.149,NA,NA,NA
"CHE",1978,NA,NA,NA,NA,NA,NA,NA,NA,NA,NA,NA,13.908,NA,NA,NA
"CHE",1979,NA,NA,NA,NA,NA,NA,NA,NA,NA,NA,NA,14.843,NA,NA,NA
"CHE",1980,NA,NA,NA,NA,NA,NA,NA,NA,NA,NA,NA,15.588,NA,NA,NA
"CHE",1981,NA,NA,NA,NA,NA,NA,NA,NA,NA,NA,NA,16.313,NA,NA,NA
"CHE",1982,NA,NA,NA,NA,NA,NA,NA,NA,NA,NA,NA,16.5,NA,NA,NA
"CHE",1983,NA,NA,NA,NA,NA,NA,NA,NA,NA,NA,NA,16.7,NA,NA,NA
"CHE",1984,NA,NA,NA,NA,NA,NA,NA,NA,NA,NA,NA,16.928,NA,NA,NA
"CHE",1985,NA,NA,NA,NA,NA,NA,NA,NA,NA,NA,NA,17.667,NA,NA,NA
"CHE",1986,NA,NA,NA,NA,NA,NA,NA,NA,NA,NA,NA,18.366,NA,NA,NA
"CHE",1987,NA,NA,NA,NA,NA,NA,NA,NA,NA,NA,NA,19.021,NA,NA,NA
"CHE",1988,NA,NA,NA,NA,NA,NA,NA,NA,NA,NA,NA,19.641,NA,NA,NA
"CHE",1989,NA,NA,NA,NA,NA,NA,NA,NA,NA,NA,NA,19.433,NA,NA,NA
"CHE",1990,NA,NA,NA,NA,NA,NA,NA,NA,NA,NA,NA,20.03,NA,NA,NA
"CHE",1991,NA,NA,NA,NA,NA,NA,NA,NA,NA,NA,NA,20.594,NA,NA,NA
"CHE",1992,NA,NA,NA,NA,NA,NA,NA,NA,NA,NA,NA,20.706,NA,NA,NA
"CHE",1993,NA,NA,NA,NA,NA,NA,NA,NA,NA,NA,NA,21.238,NA,NA,NA
"CHE",1994,NA,NA,NA,NA,NA,NA,NA,NA,NA,NA,NA,21.788,NA,NA,NA
"CHE",1995,NA,NA,NA,NA,NA,NA,NA,NA,NA,NA,NA,22.275,NA,369.32916,NA
"CHE",1996,NA,NA,NA,NA,NA,NA,NA,NA,NA,NA,NA,22.718,NA,380.18768,NA
"CHE",1997,NA,NA,NA,NA,NA,NA,NA,NA,NA,NA,NA,23.144,NA,392.553,NA
"CHE",1998,NA,NA,NA,NA,NA,NA,NA,NA,NA,NA,NA,23.679,NA,402.38386,NA
"CHE",1999,NA,NA,NA,NA,NA,NA,NA,NA,NA,NA,NA,24.026,NA,407.43521,NA
"CHE",2000,148.354,NA,NA,NA,NA,NA,NA,NA,NA,NA,NA,25.216,NA,417.54639,NA
"CHE",2001,152.248,NA,NA,NA,NA,NA,NA,NA,NA,NA,NA,25.395,NA,423.11389,NA
"CHE",2002,156.406,NA,NA,NA,NA,NA,NA,NA,NA,NA,NA,25.921,NA,431.46927,NA
"CHE",2003,162.894,11.965,NA,NA,NA,NA,NA,NA,NA,NA,NA,27.268,NA,446.60373,NA
"CHE",2004,162.735,11.538,NA,NA,NA,NA,NA,NA,NA,NA,NA,27.742,NA,454.74416,NA
"CHE",2005,166.673,11.961,NA,NA,NA,NA,NA,NA,NA,NA,NA,28.251,NA,467.48637,NA
"CHE",2006,170.863,12.927,NA,NA,NA,NA,NA,NA,NA,NA,NA,28.812,NA,477.74177,NA
"CHE",2007,174.903,13.33,NA,NA,NA,NA,NA,NA,NA,NA,NA,29.052,NA,485.46813,NA
"CHE",2008,178.464,13.552,NA,NA,NA,NA,NA,NA,NA,NA,NA,29.653,NA,502.0896,NA
"CHE",2009,186.999,13.509,NA,NA,NA,NA,NA,NA,NA,NA,NA,30.166,NA,517.54344,NA
"CHE",2010,175.336,14.781,25.87,53.652,NA,NA,NA,NA,NA,NA,NA,30.273,NA,528.33436,NA
"CHE",2011,181.836,15.234,26.761,55.359,NA,NA,NA,NA,NA,NA,NA,30.849,NA,553.16369,NA
"CHE",2012,185.357,15.229,27.61,56.056,NA,NA,NA,NA,NA,NA,NA,31.858,NA,576.80288,NA
"CHE",2013,190.781,15.317,27.532,57.949,NA,NA,NA,NA,NA,NA,NA,33.242,NA,594.70227,NA
"CHE",2014,195.876,15.553,28.122,59.742,NA,NA,NA,NA,NA,NA,NA,34.348,NA,609.75575,NA
"CHE",2015,202.112,14.991,29.28,61.939,NA,NA,NA,NA,NA,NA,NA,35.325,NA,637.39481,NA
"CHE",2016,208.981,15.069,30.481,63.582,NA,NA,NA,NA,NA,NA,NA,36.175,NA,665.53753,NA
"CHE",2017,212.656,14.987,31.888,65.201,NA,NA,NA,NA,NA,NA,NA,36.9,NA,682.0508,NA
"CHL",2010,84.457,26.913,6.49,30.044,NA,NA,NA,NA,NA,NA,NA,NA,5.761,300.9565,NA
"CHL",2011,87.34,27.679,6.817,30.821,NA,NA,NA,NA,NA,NA,NA,NA,6.687,322.3252,NA
"CHL",2012,90.456,28.544,7.308,31.047,NA,NA,NA,NA,NA,NA,NA,NA,9.784,349.33572,NA
"CHL",2013,92.931,29.788,8.057,29.199,NA,NA,NA,NA,NA,NA,NA,NA,12.863,348.59334,NA
"CHL",2014,98.088,31.582,8.839,30.295,131.548,NA,NA,NA,NA,NA,NA,NA,16.092,404.56952,NA
"CHL",2015,101.246,31.594,9.53,32.59,152.317,NA,NA,NA,NA,NA,NA,NA,19.152,427.6826,NA
"CHL",2016,109.252,30.383,10.47,38.309,154.687,NA,NA,NA,NA,NA,NA,NA,22.167,413.82778,NA
"CHL",2017,123.424,36.896,12.002,41.647,158.289,NA,NA,NA,NA,NA,NA,NA,25.36,445.83881,NA
"CHL",2018,129.325,37.949,12.845,42.71,170.115,NA,NA,NA,NA,NA,NA,NA,28.548,NA,NA
"CRI",1987,NA,NA,NA,NA,NA,NA,NA,NA,NA,NA,NA,NA,NA,39.846,NA
"CRI",1988,NA,NA,NA,NA,NA,NA,NA,NA,NA,NA,NA,NA,NA,39.089,NA
"CRI",1989,NA,NA,NA,NA,NA,NA,NA,NA,NA,NA,NA,NA,NA,36.399,NA
"CRI",1990,NA,NA,NA,NA,NA,NA,NA,NA,NA,NA,NA,NA,NA,47.944,NA
"CRI",1991,NA,NA,NA,NA,NA,NA,NA,NA,NA,NA,NA,NA,NA,43.199,NA
"CRI",1992,NA,NA,NA,NA,NA,NA,NA,NA,NA,NA,NA,NA,NA,46.166,NA
"CRI",1993,NA,NA,NA,NA,NA,NA,NA,NA,NA,NA,NA,NA,NA,47.076,NA
"CRI",1994,NA,NA,NA,NA,NA,NA,NA,NA,NA,NA,NA,NA,NA,49.8,NA
"CRI",1995,NA,NA,NA,NA,NA,NA,NA,NA,NA,NA,NA,NA,NA,48.183,NA
"CRI",1996,NA,NA,NA,NA,NA,NA,NA,NA,NA,NA,NA,NA,NA,51.999,NA
"CRI",1997,NA,NA,NA,NA,NA,NA,NA,NA,NA,NA,NA,NA,NA,52.375,NA
"CRI",1998,NA,NA,NA,NA,NA,NA,NA,NA,NA,NA,NA,NA,NA,60.681,NA
"CRI",1999,NA,NA,NA,NA,NA,NA,NA,NA,NA,NA,NA,NA,NA,54.266,NA
"CRI",2000,NA,NA,NA,NA,NA,NA,NA,NA,NA,NA,NA,NA,NA,54.187,NA
"CRI",2001,NA,NA,NA,NA,NA,NA,NA,NA,NA,NA,NA,NA,NA,59.579,NA
"CRI",2002,NA,NA,NA,NA,NA,NA,NA,NA,NA,NA,NA,NA,NA,53.659,NA
"CRI",2003,NA,NA,NA,NA,NA,NA,NA,NA,NA,NA,NA,NA,NA,49.149,NA
"CRI",2004,NA,NA,NA,NA,NA,NA,NA,NA,NA,NA,NA,NA,NA,52.331,NA
"CRI",2005,NA,NA,NA,NA,NA,NA,NA,NA,NA,NA,NA,NA,NA,63.689,NA
"CRI",2006,NA,NA,NA,NA,NA,NA,NA,NA,NA,NA,NA,NA,NA,63.08,NA
"CRI",2007,NA,NA,NA,NA,NA,NA,NA,NA,NA,NA,NA,NA,NA,64.556,NA
"CRI",2008,NA,NA,NA,NA,NA,NA,NA,NA,NA,NA,NA,NA,NA,64.005,NA
"CRI",2009,NA,NA,NA,NA,NA,NA,NA,NA,NA,NA,NA,NA,NA,71.805,NA
"CRI",2010,NA,NA,NA,NA,NA,NA,NA,NA,NA,NA,NA,NA,NA,69.096,NA
"CRI",2011,NA,NA,NA,NA,NA,NA,NA,NA,NA,NA,NA,NA,NA,73.7625,NA
"CRI",2012,NA,NA,NA,NA,NA,NA,NA,NA,NA,NA,NA,NA,NA,75.09725,NA
"CRI",2013,NA,NA,NA,NA,NA,NA,NA,NA,NA,NA,NA,NA,NA,84.05725,NA
"CRI",2014,NA,NA,NA,NA,NA,NA,NA,NA,NA,NA,NA,NA,NA,83.152,NA
"CRI",2015,NA,NA,NA,NA,NA,NA,NA,NA,NA,NA,NA,NA,NA,72.05725,NA
"CRI",2016,NA,NA,NA,NA,NA,NA,NA,NA,NA,NA,NA,NA,NA,72.73775,NA
"CRI",2017,NA,NA,NA,NA,NA,NA,NA,NA,NA,NA,NA,NA,NA,74.1075,NA
"CRI",2018,NA,NA,NA,NA,NA,NA,NA,NA,NA,NA,NA,NA,NA,75.60225,NA
"CZE",1980,NA,NA,NA,NA,NA,NA,NA,NA,NA,NA,NA,NA,3.039,NA,NA
"CZE",1985,NA,NA,NA,NA,NA,NA,NA,NA,NA,NA,NA,NA,3.724,NA,NA
"CZE",1986,NA,NA,NA,NA,NA,NA,NA,NA,NA,NA,NA,NA,3.813,NA,NA
"CZE",1987,NA,NA,NA,NA,NA,NA,NA,NA,NA,NA,NA,NA,3.835,NA,NA
"CZE",1988,NA,NA,NA,NA,NA,NA,NA,NA,NA,NA,NA,NA,4.036,NA,NA
"CZE",1989,NA,NA,NA,NA,NA,NA,NA,NA,NA,NA,NA,NA,4.145,NA,NA
"CZE",1990,NA,NA,NA,NA,NA,NA,NA,NA,NA,NA,NA,NA,4.192,NA,NA
"CZE",1991,NA,NA,NA,NA,NA,NA,NA,NA,NA,NA,NA,NA,4.214,NA,NA
"CZE",1992,NA,NA,NA,NA,NA,NA,NA,NA,NA,NA,NA,NA,4.223,NA,NA
"CZE",1993,NA,NA,NA,NA,NA,NA,NA,NA,NA,NA,NA,NA,4.673,NA,NA
"CZE",1994,NA,NA,NA,NA,NA,NA,NA,NA,NA,NA,NA,NA,5.004,NA,NA
"CZE",1995,NA,NA,NA,NA,NA,NA,NA,NA,NA,NA,NA,NA,5.248,284.53,NA
"CZE",1996,NA,NA,NA,NA,NA,NA,NA,NA,NA,NA,NA,NA,5.467,270.43,NA
"CZE",1997,NA,NA,NA,NA,NA,NA,NA,NA,NA,NA,NA,NA,5.504,258.027,NA
"CZE",1998,NA,NA,NA,NA,NA,NA,NA,NA,NA,NA,NA,NA,5.643,247.729,NA
"CZE",1999,NA,NA,NA,NA,NA,NA,NA,NA,NA,NA,NA,NA,5.809,250.628,NA
"CZE",2000,NA,NA,NA,NA,NA,NA,NA,NA,NA,NA,NA,NA,6.14,255.486,NA
"CZE",2001,NA,NA,NA,NA,NA,NA,NA,NA,NA,NA,NA,NA,6.199,258.598,NA
"CZE",2002,NA,NA,NA,NA,NA,NA,NA,NA,NA,NA,NA,NA,6.551,265.879,NA
"CZE",2003,NA,NA,NA,NA,NA,NA,NA,NA,NA,NA,NA,NA,6.725,273.473,NA
"CZE",2004,NA,NA,NA,NA,NA,NA,NA,NA,NA,NA,NA,NA,6.73,262.365,NA
"CZE",2005,134.564,2.694,27.734,28.682,NA,NA,NA,NA,NA,NA,NA,NA,6.943,272.186,NA
"CZE",2006,134.187,2.667,28.07,27.862,NA,NA,NA,NA,NA,NA,NA,NA,7.092,280.348,NA
"CZE",2007,134.66,2.687,28.365,27.339,NA,NA,NA,NA,NA,NA,NA,NA,7,283.771,NA
"CZE",2008,135.242,2.729,29.194,27.531,NA,NA,NA,NA,NA,NA,NA,NA,7.005,295.923,NA
"CZE",2009,139.601,2.873,31.365,27.662,NA,NA,NA,NA,NA,NA,NA,NA,7.203,300.193,NA
"CZE",2010,140.8,2.929,32.298,27.275,NA,NA,NA,NA,NA,NA,NA,NA,7.577,298.508,NA
"CZE",2011,140.416,2.96,32.526,26.786,NA,NA,NA,NA,NA,NA,NA,NA,7.66,306.41,NA
"CZE",2012,140.807,2.833,33.096,26.478,NA,NA,NA,NA,NA,NA,NA,NA,7.916,310.43,NA
"CZE",2013,140.177,2.869,33.336,26.131,NA,NA,NA,NA,NA,NA,NA,NA,8.133,312.427,NA
"CZE",2014,140.351,2.894,34.269,24.942,NA,NA,NA,NA,NA,NA,NA,NA,8.292,319.593,NA
"CZE",2015,144.547,2.989,37.388,25.753,NA,NA,NA,NA,NA,NA,NA,NA,8.58,322.47,NA
"CZE",2016,151.519,3.266,39.884,27.398,NA,NA,NA,NA,NA,NA,NA,NA,8.79,330.392,NA
"CZE",2017,153.559,3.395,40.975,27.084,NA,NA,NA,NA,NA,NA,NA,NA,9.075,342.959,NA
"DEU",1991,NA,NA,NA,NA,NA,NA,NA,NA,NA,NA,NA,243.59,NA,NA,NA
"DEU",1992,NA,NA,NA,NA,NA,57.056,NA,NA,NA,NA,NA,251.163,NA,NA,NA
"DEU",1993,NA,NA,NA,NA,NA,58.968,NA,NA,NA,NA,47.363,259.207,NA,NA,NA
"DEU",1994,NA,NA,NA,NA,NA,60.055,NA,NA,NA,NA,48.392,266.342,NA,NA,NA
"DEU",1995,NA,NA,NA,NA,NA,61.496,NA,NA,NA,NA,49.429,273,NA,3605,NA
"DEU",1996,NA,NA,NA,NA,NA,62.35,NA,NA,NA,NA,50.372,278.389,NA,3755,NA
"DEU",1997,NA,NA,NA,NA,NA,63.021,NA,NA,NA,NA,52.076,281.74,NA,3833,NA
"DEU",1998,NA,NA,NA,NA,NA,63.325,NA,NA,NA,NA,52.221,285.984,NA,3913,NA
"DEU",1999,NA,NA,NA,NA,NA,63.642,NA,NA,NA,NA,53.001,290.093,NA,4020,NA
"DEU",2000,1219,NA,242,403,NA,64.486,17,998,164,834,53.223,293.552,78,4138,1291.552
"DEU",2001,1222,NA,242,401,NA,64.898,17,1013,168,845,53.199,296.724,84,4147,1309.724
"DEU",2002,1233,NA,245,404,NA,65.22,18,1026,170,855,54.083,299.826,91,4269,1325.826
"DEU",2003,1214,NA,243,388,NA,65.797,19,1054,176,878,53.803,302.849,99,4317,1356.849
"DEU",2004,1187,NA,241,367,NA,66.233,19,1070,180,890,54.18,305.127,104,4389,1375.127
"DEU",2005,1178,NA,239,360,NA,66.481,20,1084,182,902,54.508,306.253,110,4449,1390.253
"DEU",2006,1180,NA,241,359,NA,66.736,20,1099,186,913,55.452,309.873,117,4466,1408.873
"DEU",2007,1184,NA,249,350,NA,67.253,20,1112,188,923,56.719,313.501,125,4522,1425.501
"DEU",2008,1197,NA,252,354,NA,67.794,21,1133,193,939,57.479,318.252,131,4608,1451.252
"DEU",2009,1217,NA,259,354,NA,68.641,21,1170,205,964,57.832,324.471,139,4762,1494.471
"DEU",2010,1234,NA,265,355,NA,69.311,22,1181,212,969,58.932,332.108,148,4882,1513.108
"DEU",2011,1249,NA,269,351,NA,70.021,22,1194,217,977,59.291,340.544,154,4986,1534.544
"DEU",2012,1267,NA,273,360,NA,70.93,22,1205,223,983,59.739,347.151,162,5106,1552.151
"DEU",2013,1285,NA,278,352,NA,71.539,23,1245,228,1017,61.123,355.67,169,5195,1600.67
"DEU",2014,1299,NA,284,350,NA,72.493,23,1275,234,1040,61.973,363.614,176,5352,1638.614
"DEU",2015,1315,NA,291,349,NA,73.187,24,1305,247,1058,62.757,369.648,181,5551,1674.648
"DEU",2016,1339,NA,298,352,NA,73.62,24,1339,257,1082,62.948,376.913,185,5742,1715.913
"DEU",2017,1362,NA,304,347,NA,73.855,24,1380,272,1108,64.379,383.416,188,5878,1763.416
"DNK",1970,NA,NA,NA,NA,NA,NA,NA,NA,NA,NA,NA,NA,NA,165,NA
"DNK",1971,NA,NA,NA,NA,NA,NA,NA,NA,NA,NA,NA,NA,NA,187,NA
"DNK",1972,NA,NA,NA,NA,NA,NA,NA,NA,NA,NA,NA,NA,NA,213,NA
"DNK",1973,NA,NA,NA,NA,NA,NA,NA,NA,NA,NA,NA,NA,NA,230,NA
"DNK",1974,NA,NA,NA,NA,NA,NA,NA,NA,NA,NA,NA,NA,NA,251,NA
"DNK",1975,NA,NA,NA,NA,NA,NA,NA,NA,NA,NA,NA,NA,NA,266,NA
"DNK",1976,NA,NA,NA,NA,NA,NA,NA,NA,NA,NA,NA,NA,NA,277,NA
"DNK",1977,NA,NA,NA,NA,NA,NA,NA,NA,NA,NA,NA,NA,NA,286,NA
"DNK",1978,NA,NA,NA,NA,NA,NA,NA,NA,NA,NA,NA,NA,NA,307,NA
"DNK",1979,NA,NA,NA,NA,NA,NA,NA,NA,NA,NA,NA,NA,NA,330,NA
"DNK",1980,103.156,12.603,6.264,57.583,NA,NA,NA,NA,NA,NA,NA,10.215,NA,351,NA
"DNK",1981,111.123,13.277,6.758,62.786,NA,NA,NA,NA,NA,NA,NA,10.456,NA,363,NA
"DNK",1982,116.639,14.289,7.325,64.767,NA,NA,NA,NA,NA,NA,NA,11.391,NA,383,NA
"DNK",1983,113.38,13.927,7.439,60.915,NA,NA,NA,NA,NA,NA,NA,11.669,NA,386,NA
"DNK",1984,109.923,14.873,8.272,53.525,NA,NA,NA,NA,NA,NA,NA,12.257,NA,379,NA
"DNK",1985,109.86,14.905,8.772,52.255,NA,NA,NA,NA,NA,NA,NA,12.542,NA,388,NA
"DNK",1986,109.114,15.053,9.031,50.814,NA,NA,NA,NA,NA,NA,NA,12.79,NA,394,NA
"DNK",1987,106.61,14.519,9.407,48.073,NA,NA,NA,NA,NA,NA,NA,12.807,NA,406,NA
"DNK",1988,104.275,14.232,9.697,45.416,NA,NA,NA,NA,NA,NA,NA,13.178,NA,427,NA
"DNK",1989,102.119,13.648,9.888,43.55,NA,NA,NA,NA,NA,NA,NA,13.392,NA,429,NA
"DNK",1990,106.094,13.879,10.365,44.898,NA,NA,NA,NA,NA,NA,NA,13.737,NA,444,NA
"DNK",1991,103.735,13.062,10.457,42.813,NA,NA,NA,NA,NA,NA,NA,13.558,NA,440,NA
"DNK",1992,102.994,12.492,10.816,41.257,44.662,4.746,0.915,47.728,0,47.728,2.198,14.697,3.204,442,62.425
"DNK",1993,101.065,11.954,11.163,38.683,47.984,4.751,0.93,48.627,0,48.627,2.256,14.913,3.358,440,63.54
"DNK",1994,103.091,12.665,11.761,38.812,51.786,4.825,1.047,48.688,0,48.688,2.448,15.186,3.436,441,63.874
"DNK",1995,103.745,12.83,12.11,38.253,54.295,4.835,1.078,49.382,0,49.382,2.524,15.374,3.562,438,64.756
"DNK",1996,103.416,12.468,12.407,36.992,57.777,4.859,1.108,50.272,0,50.272,2.478,15.549,3.64,444,65.821
"DNK",1997,101.731,12.119,12.79,34.393,65.118,4.803,1.165,51.408,0,51.408,2.612,15.858,3.98,456,67.266
"DNK",1998,102.712,12.375,13.297,33.591,70.64,4.886,1.223,52.211,0,52.211,2.67,16.323,4.194,469,68.534
"DNK",1999,102.235,12.5,13.456,32.47,74.798,4.84,1.265,52.885,0,52.885,2.706,16.599,4.269,472,69.484
"DNK",2000,103.162,12.833,13.826,31.353,78.865,4.818,1.29,53.773,0,53.773,2.639,16.702,4.487,477,70.475
"DNK",2001,100.961,15.635,18.695,21.513,82.584,4.877,1.363,54.516,0,54.516,2.877,16.963,4.612,487,71.479
"DNK",2002,103.01,16.162,19.077,21.973,84.246,4.837,1.372,55.432,0,55.432,2.924,17.454,4.839,491,72.886
"DNK",2003,102.378,15.454,19.247,21.661,85.466,4.862,1.376,55.163,0,55.163,3.001,17.762,4.999,494,72.925
"DNK",2004,102.247,14.709,19.275,21.074,87.092,4.901,1.389,56.03,0,56.03,2.995,18.579,6.248,493,74.609
"DNK",2005,102.544,14.322,19.398,20.695,90.197,4.908,1.431,56.942,0,56.942,3.134,19.293,6.694,497,76.235
"DNK",2006,104.693,14.271,19.887,21.215,91.329,4.924,1.502,57.349,0,57.349,3.179,19.927,6.881,504,77.276
"DNK",2007,104.713,13.714,20.656,20.737,92.834,4.844,1.539,57.963,0,57.963,3.245,20.296,7.101,507,78.259
"DNK",2008,107.92,14.274,21.34,22.495,93.351,4.772,1.573,58.521,0,58.521,3.249,21.031,7.619,506,79.552
"DNK",2009,113.171,14.769,22.272,23.561,94.835,4.743,1.636,59.69,0,59.69,3.282,21.611,7.946,520,81.301
"DNK",2010,115.257,14.518,22.694,23.795,93.49,4.798,1.689,60.179,0,60.179,3.407,22.081,8.237,523,82.26
"DNK",2011,113.9,13.342,22.624,23.497,92.474,4.716,1.703,60.527,0,60.527,3.453,22.525,8.588,513,83.052
"DNK",2012,114.428,12.487,22.838,23.956,93.344,4.723,1.787,61.127,0,61.127,3.497,22.87,8.815,507,83.997
"DNK",2013,117.291,12.948,23.479,24.543,93.983,4.656,1.881,61.928,0,61.928,3.527,23.166,8.975,511,85.094
"DNK",2014,118.672,12.667,23.818,25.152,95.747,4.577,1.929,62.782,0,62.782,3.573,23.43,9.417,508,86.212
"DNK",2015,118.156,12.188,23.787,24.836,97.411,4.562,1.99,63.495,0,63.495,3.63,23.893,9.741,506,87.388
"DNK",2016,117.952,12.013,23.626,24.467,99.348,4.485,2.062,64.407,0,64.407,3.677,24.447,9.933,506,88.854
"DNK",2017,118.75,11.58,23.498,24.855,NA,NA,NA,NA,NA,NA,NA,NA,NA,511,NA
"DNK",2018,119.273,10.671,23.195,26.058,NA,NA,NA,NA,NA,NA,NA,NA,NA,NA,NA
"ESP",1990,NA,NA,NA,NA,NA,NA,NA,111.4,0,111.4,NA,87.1,NA,NA,198.5
"ESP",1995,NA,NA,NA,NA,NA,NA,NA,NA,NA,NA,NA,NA,NA,769.8,NA
"ESP",1996,NA,NA,NA,NA,203.5,NA,NA,136.933,0,136.933,26.667,116.8,NA,769.5,253.733
"ESP",1997,NA,NA,NA,NA,215.733,NA,NA,141.067,0,141.067,27.733,122.333,NA,793.5,263.4
"ESP",1998,NA,NA,NA,NA,224.7,NA,NA,141.1,0,141.1,26.867,125.6,NA,821.3,266.7
"ESP",1999,NA,NA,NA,NA,230.3,NA,NA,144.667,0,144.667,29.2,131.767,NA,847.5,276.434
"ESP",2000,402.493,90.762,21.782,113.07,242.133,NA,NA,152.733,0,152.733,32.833,137.133,NA,882.1,289.866
"ESP",2001,409.655,92.46,23.031,113.739,261.2,NA,NA,167.833,0,167.833,36.367,139.433,NA,888.7,307.266
"ESP",2002,424.162,95.135,24.395,116.668,282.833,NA,NA,178.7,0,178.7,38.033,142.733,NA,924.2,321.433
"ESP",2003,435.302,97.08,26.033,118.47,304.1,NA,NA,191.467,0,191.467,37.633,149.467,NA,992.2,340.934
"ESP",2004,452.588,100.863,27.78,121.884,323.567,NA,NA,195.4,0,195.4,39.433,161.167,NA,1042.2,356.567
"ESP",2005,464.2,102.891,29.678,124.194,345.967,NA,NA,200.067,0,200.067,40.567,167.4,NA,1102.7,367.467
"ESP",2006,482.991,106.843,31.802,127.487,364.067,NA,NA,207.833,0,207.833,44.367,172.9,26.343,1174.8,380.733
"ESP",2007,506.515,110.967,34.512,133.088,382.667,NA,NA,218.833,0,218.833,46.6,172.767,28.72,1215.3,391.6
"ESP",2008,524.706,114.739,36.037,135.353,402.433,NA,NA,232.533,0,232.533,50.6,174.367,31.229,1248.9,406.9
"ESP",2009,535.921,116.21,38.24,135.541,431.567,NA,NA,239.667,0,239.667,48.7,178.6,33.288,1267.7,418.267
"ESP",2010,545.405,118,37.658,137.822,458.7,NA,NA,249,0,249,48.033,186.733,35.63,1309.9,435.733
"ESP",2011,540.208,116.59,37.234,135.07,473.867,NA,NA,254.1,0,254.1,49,191.233,37.48,1329.6,445.333
"ESP",2012,529.914,113.723,36.236,130.542,465.2,NA,NA,256.467,0,256.467,55.1,190.833,38.63,1286.4,447.3
"ESP",2013,526.995,112.548,36.276,129.629,447.5,NA,NA,251.267,0,251.267,58.867,190.933,39.936,1266,442.2
"ESP",2014,538.184,115.307,37.998,131.404,432.233,NA,NA,250.633,0,250.633,62.133,190.8,42.49,1295.9,441.433
"ESP",2015,546.267,116.307,39.343,132.218,434.4,NA,NA,256.033,0,256.033,63.467,193.033,45.054,1316.7,449.066
"ESP",2016,555.36,119.023,40.535,132.338,441.6,NA,NA,266.667,0,266.667,64.267,192.2,48.173,1360.2,458.867
"ESP",2017,563.835,120.11,41.501,135.325,459.6,NA,NA,277.533,0,277.533,60.8,194.367,51.13,1406.3,471.9
"EST",1995,NA,NA,NA,NA,NA,NA,NA,NA,NA,NA,NA,NA,NA,34.01,NA
"EST",1996,NA,NA,NA,NA,NA,NA,NA,NA,NA,NA,NA,NA,NA,34.39,NA
"EST",1997,NA,NA,NA,NA,NA,NA,NA,NA,NA,NA,NA,NA,NA,33.97,NA
"EST",1998,NA,NA,NA,NA,NA,NA,NA,NA,NA,NA,NA,NA,NA,32.69,NA
"EST",1999,NA,NA,NA,NA,NA,NA,NA,NA,NA,NA,NA,NA,NA,30.59,NA
"EST",2000,NA,NA,NA,NA,NA,NA,NA,NA,NA,NA,NA,NA,NA,30.05,NA
"EST",2001,NA,NA,NA,NA,NA,NA,NA,NA,NA,NA,NA,NA,NA,30.71,NA
"EST",2002,NA,NA,NA,NA,NA,NA,NA,NA,NA,NA,NA,NA,NA,33.59,NA
"EST",2003,NA,NA,NA,NA,NA,NA,NA,NA,NA,NA,NA,NA,NA,36.14,NA
"EST",2004,NA,NA,NA,NA,NA,NA,NA,NA,NA,NA,NA,NA,NA,37.13,NA
"EST",2005,NA,NA,NA,NA,NA,NA,NA,NA,NA,NA,NA,NA,0.13,36.74,NA
"EST",2006,18.49,1.959,1.705,5.544,NA,NA,NA,NA,NA,NA,NA,NA,0.122,35.58,NA
"EST",2007,18.869,2.009,1.73,5.683,NA,NA,NA,NA,NA,NA,NA,NA,0.107,34.13,NA
"EST",2008,19.318,2.696,1.752,5.315,NA,NA,NA,NA,NA,NA,NA,NA,0.245,32.99,NA
"EST",2009,18.681,3.028,1.769,4.58,NA,NA,NA,NA,NA,NA,NA,NA,0.256,32.49,NA
"EST",2010,18.504,3.044,1.811,4.514,NA,NA,NA,NA,NA,NA,NA,NA,0.284,33.8,NA
"EST",2011,18.665,3.321,1.842,4.359,NA,NA,NA,NA,NA,NA,NA,NA,0.307,34.12,NA
"EST",2012,19.38,3.305,2.523,4.5,NA,NA,NA,NA,NA,NA,NA,NA,0.353,34.82,NA
"EST",2013,15.245,3.224,3.376,NA,NA,NA,NA,NA,NA,NA,NA,NA,0.376,36.04,NA
"EST",2014,15.378,3.292,3.358,NA,NA,NA,NA,NA,NA,NA,NA,NA,0.406,37.65,NA
"EST",2015,15.869,3.336,3.533,NA,NA,NA,NA,NA,NA,NA,NA,NA,0.439,38.59,NA
"EST",2016,15.899,3.286,3.516,NA,NA,NA,NA,NA,NA,NA,NA,NA,0.45,38.4,NA
"EST",2017,16.114,3.306,3.594,NA,NA,NA,NA,NA,NA,NA,NA,NA,0.475,38.15,NA
"FIN",1980,NA,NA,NA,NA,NA,NA,NA,NA,NA,NA,NA,NA,NA,233.3,NA
"FIN",1981,NA,NA,NA,NA,NA,NA,NA,NA,NA,NA,NA,NA,NA,242.6,NA
"FIN",1982,NA,NA,NA,NA,NA,NA,NA,NA,NA,NA,NA,NA,NA,250.9,NA
"FIN",1983,NA,NA,NA,NA,NA,NA,NA,NA,NA,NA,NA,NA,NA,257.3,NA
"FIN",1984,NA,NA,NA,NA,NA,NA,NA,NA,NA,NA,NA,NA,NA,269.3,NA
"FIN",1985,NA,NA,NA,NA,NA,NA,NA,NA,NA,NA,NA,NA,NA,278.1,NA
"FIN",1986,NA,NA,NA,NA,NA,NA,NA,NA,NA,NA,NA,NA,NA,284.9,NA
"FIN",1987,NA,NA,NA,NA,NA,NA,NA,NA,NA,NA,NA,NA,NA,291.8,NA
"FIN",1988,NA,NA,NA,NA,NA,NA,NA,NA,NA,NA,NA,NA,NA,298.6,NA
"FIN",1989,NA,NA,NA,NA,NA,NA,NA,NA,NA,NA,NA,NA,NA,305.1,NA
"FIN",1990,NA,NA,NA,NA,NA,NA,NA,NA,NA,NA,NA,NA,NA,307,NA
"FIN",1991,NA,NA,NA,NA,NA,NA,NA,NA,NA,NA,NA,NA,NA,306.7,NA
"FIN",1992,NA,NA,NA,NA,NA,NA,NA,NA,NA,NA,NA,NA,NA,298.1,NA
"FIN",1993,NA,NA,NA,NA,NA,NA,NA,NA,NA,NA,NA,NA,NA,280.2,NA
"FIN",1994,NA,NA,NA,NA,NA,NA,NA,NA,NA,NA,NA,NA,NA,277.9,NA
"FIN",1995,NA,NA,NA,NA,NA,NA,NA,NA,NA,NA,NA,12.936,8.135,281.4,NA
"FIN",1996,NA,NA,NA,NA,NA,NA,NA,NA,NA,NA,NA,13.287,8.531,287.3,NA
"FIN",1997,NA,NA,NA,NA,NA,NA,NA,NA,NA,NA,NA,13.54,9.048,292.4,NA
"FIN",1998,NA,NA,NA,NA,NA,NA,NA,NA,NA,NA,NA,13.771,9.484,294.7,NA
"FIN",1999,NA,NA,NA,NA,NA,NA,NA,NA,NA,NA,NA,14.28,9.784,297.2,NA
"FIN",2000,81.955,11.594,8.356,28.823,103.123,4.585,3.18,NA,NA,NA,6.815,14.807,10.088,303,NA
"FIN",2001,NA,NA,NA,NA,106.056,4.56,3.195,NA,NA,NA,6.97,14.854,10.386,312.9,NA
"FIN",2002,NA,NA,NA,NA,109.337,4.51,3.285,NA,NA,NA,7,15.077,10.681,319.7,NA
"FIN",2003,NA,NA,NA,NA,111.972,4.445,3.345,NA,NA,NA,7.175,15.271,10.896,323.2,NA
"FIN",2004,91.32,12.277,9.42,30.1,113.912,4.43,3.385,NA,NA,NA,7.33,15.469,11.113,327.8,NA
"FIN",2005,91.608,11.922,9.786,29.725,116.286,4.455,3.93,NA,NA,NA,7.43,15.731,11.29,333.9,NA
"FIN",2006,93.343,12.132,10.097,30.011,119.782,4.38,3.837,NA,NA,NA,7.515,15.971,11.987,339.1,NA
"FIN",2007,93.489,12.944,10.319,28.968,125.17,4.425,3.802,NA,NA,NA,7.51,16.079,12.193,344.3,NA
"FIN",2008,94.81,13.304,10.07,29.103,129.556,4.386,3.735,NA,NA,NA,7.711,16.287,12.438,355.4,NA
"FIN",2009,94.741,12.647,10.09,28.923,131.323,4.416,3.745,NA,NA,NA,7.777,16.487,12.637,362.1,NA
"FIN",2010,95.99,12.969,12.084,26.182,135.172,4.592,3.745,NA,NA,NA,7.826,17.52,12.835,364.3,NA
"FIN",2011,96.156,13.935,11.24,26.009,140.044,4.586,3.689,NA,NA,NA,7.873,17.589,13.156,373.2,NA
"FIN",2012,96.981,12.472,11.24,26.829,144.593,4.234,3.771,NA,NA,NA,8.054,17.79,14.107,382.5,NA
"FIN",2013,97.295,12.273,10.402,27.826,146.572,4.157,3.838,85.552,24.806,60.746,6.35,17.931,11.602,385,103.483
"FIN",2014,96.538,12.145,10.641,25.894,147.63,4.208,3.855,86.525,25.318,61.207,6.334,18.526,11.303,385.5,105.051
"FIN",2015,NA,NA,NA,NA,NA,NA,NA,NA,NA,NA,NA,18.258,NA,390,NA
"FIN",2016,NA,NA,NA,NA,NA,NA,NA,NA,NA,NA,NA,NA,NA,394,NA
"FIN",2017,NA,NA,NA,NA,NA,NA,NA,NA,NA,NA,NA,NA,NA,397.9,NA
"FRA",1970,NA,NA,NA,NA,NA,NA,NA,NA,NA,NA,NA,NA,NA,1636,NA
"FRA",1971,NA,NA,NA,NA,NA,NA,NA,NA,NA,NA,NA,NA,NA,1664,NA
"FRA",1972,NA,NA,NA,NA,NA,NA,NA,NA,NA,NA,NA,NA,NA,1693,NA
"FRA",1973,NA,NA,NA,NA,NA,NA,NA,NA,NA,NA,NA,NA,NA,1724,NA
"FRA",1974,NA,NA,NA,NA,NA,NA,NA,NA,NA,NA,NA,NA,NA,1756,NA
"FRA",1975,NA,NA,NA,NA,NA,NA,NA,NA,NA,NA,NA,NA,NA,1787,NA
"FRA",1976,NA,NA,NA,NA,NA,NA,NA,NA,NA,NA,NA,NA,NA,1825,NA
"FRA",1977,NA,NA,NA,NA,NA,NA,NA,NA,NA,NA,NA,NA,NA,1862,NA
"FRA",1978,NA,NA,NA,NA,NA,NA,NA,NA,NA,NA,NA,NA,NA,1879,NA
"FRA",1979,NA,NA,NA,NA,NA,NA,NA,NA,NA,NA,NA,NA,NA,1935,NA
"FRA",1980,NA,NA,NA,NA,NA,NA,NA,NA,NA,NA,NA,NA,NA,1973,NA
"FRA",1981,NA,NA,NA,NA,NA,NA,NA,NA,NA,NA,NA,NA,NA,2025,NA
"FRA",1982,NA,NA,NA,NA,NA,NA,NA,NA,NA,NA,NA,NA,NA,2078,NA
"FRA",1983,NA,NA,NA,NA,NA,NA,NA,NA,NA,NA,NA,NA,NA,2118,NA
"FRA",1984,NA,NA,NA,NA,NA,NA,NA,NA,NA,NA,NA,NA,NA,2173,NA
"FRA",1985,NA,NA,NA,NA,NA,NA,NA,NA,NA,NA,NA,NA,NA,2222,NA
"FRA",1986,NA,NA,NA,NA,NA,37.647,NA,NA,NA,NA,50.173,NA,NA,2261,NA
"FRA",1987,NA,NA,NA,NA,NA,38.387,NA,NA,NA,NA,51.782,NA,NA,2320,NA
"FRA",1988,NA,NA,NA,NA,NA,39.396,NA,NA,NA,NA,53.116,NA,38.894,2352,NA
"FRA",1989,NA,NA,NA,NA,NA,40.318,NA,NA,NA,NA,54.15,NA,38.632,2413,NA
"FRA",1990,NA,NA,NA,NA,NA,40.185,NA,NA,NA,NA,54.747,175.912,39.745,2440,NA
"FRA",1991,NA,NA,NA,NA,NA,40.841,NA,NA,NA,NA,54.968,179.599,40.708,2495,NA
"FRA",1992,NA,NA,NA,NA,NA,41.236,NA,NA,NA,NA,53.419,183.246,42.319,2538,NA
"FRA",1993,NA,NA,NA,NA,NA,41.579,NA,NA,NA,NA,53.862,185.477,44.546,2623,NA
"FRA",1994,1076.575,200.551,39.808,405.286,NA,41.966,NA,NA,NA,NA,54.609,188.083,46.371,2709,NA
"FRA",1995,1102.257,207.863,41.011,409.605,NA,41.803,12.695,NA,NA,NA,55.96,189.892,49.466,2767,NA
"FRA",1996,1129.805,213.537,42.585,415.793,NA,41.654,13.636,NA,NA,NA,56.031,191.663,50.167,2851,NA
"FRA",1997,1114.764,210.737,42.303,407.014,NA,41.537,14.383,NA,NA,NA,56.517,193.383,50.12,2920,NA
"FRA",1998,1126.011,213.076,41.716,408.943,NA,42.188,14.402,373.441,373.133,0.308,57.003,194.834,51.313,2979,568.275
"FRA",1999,1131.145,214.793,42.324,409.451,NA,42.675,14.862,389.548,389.092,0.456,59.298,195.751,52.959,3025,585.299
"FRA",2000,1098.497,215.271,44.95,395.841,NA,42.572,15.263,404.564,403.928,0.636,61.31,197.977,54.969,3058,602.541
"FRA",2001,1135.065,223.737,46.687,404.887,NA,42.654,15.688,418.571,417.731,0.84,63.073,201.14,56.44,3052,619.711
"FRA",2002,1172.453,233.326,48.552,417.585,NA,42.85,16.28,431.565,430.337,1.228,64.975,203.962,58.109,3078,635.527
"FRA",2003,1195.537,238.627,50.136,426.671,710.4,43.1,16.765,446.1,444.34,1.76,66.266,206.289,59.895,3109,652.389
"FRA",2004,1220.085,243.48,51.458,433.845,755.455,43.291,17.215,461.503,459.124,2.379,68.656,208.769,61.705,3182,670.272
"FRA",2005,1226.891,245.854,52.511,434.034,782.059,43.57,17.695,478.483,475.48,3.003,70.664,210.312,63.431,3269,688.795
"FRA",2006,1241.719,249.212,53.481,435.511,829.263,43.629,18.237,493.503,489.773,3.73,71.806,211.324,64.098,3353,704.827
"FRA",2007,1246.204,250.964,54.232,431.643,840.559,43.599,18.755,487.663,482.481,5.182,73.485,211.521,65.931,3436,699.184
"FRA",2008,1251.34,252.891,54.956,429.994,921.215,43.311,19.651,507.514,501.372,6.142,74.465,212.478,68.751,3482,719.992
"FRA",2009,1340.959,274.698,60.951,473.249,942.148,43.12,20.04,528.389,521.437,6.952,75.432,210.723,70.845,3565,739.112
"FRA",2010,1362.603,280.722,62.075,480.473,971.288,43.146,18.835,547.861,540.312,7.549,73.298,212.132,72.85,3624,759.993
"FRA",2011,1287.828,251.256,61.686,446.278,995.336,41.83,19.535,567.564,559.576,7.988,72.811,215.531,75.164,3691,783.095
"FRA",2012,1300.58,246.436,63.572,450.296,982.294,42.047,20.235,595.594,587.19,8.404,73.67,217.082,77.778,3731,812.676
"FRA",2013,1298.992,245.088,64.403,445.524,993.325,42.418,20.991,616.796,607.915,8.881,73.789,219.279,80.759,3777,836.075
"FRA",2014,1301.001,244.666,64.929,442.986,1031.759,42.665,21.632,638.248,628.941,9.307,74.345,220.98,83.619,3835,859.228
"FRA",2015,1300.775,243.731,65.589,440.888,1031.489,42.953,22.312,660.611,650.79,9.821,74.489,222.406,86.459,3869,883.017
"FRA",2016,1305.803,244.566,66.065,440.456,1043.687,43.348,22.787,681.459,671.092,10.367,74.4,223.724,87.991,3900,905.183
"FRA",2017,1312.037,245.219,67.222,442.131,1110.417,43.485,22.812,700.988,690.122,10.866,73.819,225.082,NA,NA,926.07
"FRA",2018,NA,NA,NA,NA,NA,43.631,22.941,722.572,711.213,11.359,73.786,225.753,NA,NA,948.325
"GBR",1995,NA,NA,NA,NA,NA,NA,NA,NA,NA,NA,NA,NA,NA,2659.648,NA
"GBR",1996,NA,NA,NA,NA,NA,NA,NA,NA,NA,NA,NA,NA,NA,2683.669,NA
"GBR",1997,NA,NA,NA,NA,NA,NA,NA,NA,NA,NA,NA,NA,NA,2702.066,NA
"GBR",1998,NA,NA,NA,NA,NA,NA,NA,NA,NA,NA,NA,NA,NA,2678.246,NA
"GBR",1999,NA,NA,NA,NA,NA,NA,NA,NA,NA,NA,NA,NA,NA,2711.706,NA
"GBR",2000,NA,NA,NA,NA,NA,NA,NA,NA,NA,NA,NA,NA,19.417,2783.571,NA
"GBR",2001,NA,NA,NA,NA,NA,NA,NA,NA,NA,NA,NA,NA,20.156,2855.006,NA
"GBR",2002,NA,NA,NA,NA,NA,NA,NA,NA,NA,NA,NA,NA,20.998,2935.512,NA
"GBR",2003,NA,NA,NA,NA,NA,NA,NA,NA,NA,NA,NA,NA,22.305,3004.8,NA
"GBR",2004,NA,NA,NA,NA,NA,NA,NA,NA,NA,NA,NA,NA,23.747,3128.067,NA
"GBR",2005,NA,NA,NA,NA,NA,NA,NA,NA,NA,NA,NA,NA,24.871,3218.932,NA
"GBR",2006,NA,NA,NA,NA,NA,NA,NA,NA,NA,NA,NA,NA,24.877,3305.633,NA
"GBR",2007,NA,NA,NA,NA,NA,NA,NA,NA,NA,NA,NA,NA,25.068,3302.988,NA
"GBR",2008,NA,NA,NA,NA,NA,NA,NA,NA,NA,NA,NA,NA,26.377,3383.405,NA
"GBR",2009,1311.827,NA,NA,NA,NA,NA,NA,NA,NA,NA,NA,NA,26.015,3485.992,NA
"GBR",2010,1336.116,NA,NA,NA,NA,NA,NA,NA,NA,NA,NA,NA,26.145,3642.401,NA
"GBR",2011,1293.817,NA,NA,NA,NA,NA,NA,NA,NA,NA,NA,NA,25.966,3689.673,NA
"GBR",2012,1352.021,NA,NA,NA,NA,NA,NA,NA,NA,NA,NA,NA,25.218,3710.859,NA
"GBR",2013,1363.822,NA,NA,NA,NA,NA,NA,NA,NA,NA,NA,NA,25.933,3808.592,NA
"GBR",2014,1330.59,NA,NA,NA,NA,NA,NA,NA,NA,NA,NA,NA,26.439,3837.568,NA
"GBR",2015,1339.163,NA,NA,NA,NA,NA,NA,NA,NA,NA,NA,NA,26.928,3865.802,NA
"GBR",2016,1327.749,NA,NA,NA,NA,NA,NA,NA,NA,NA,NA,NA,27.495,3882.865,NA
"GBR",2017,1328.702,NA,NA,NA,NA,NA,NA,NA,NA,NA,NA,NA,28.071,3949.061,NA
"GBR",2018,1330,NA,NA,NA,NA,NA,NA,NA,NA,NA,NA,NA,NA,4030.222,NA
"GRC",1995,NA,NA,NA,NA,NA,NA,NA,NA,NA,NA,NA,NA,NA,161.858,NA
"GRC",1996,NA,NA,NA,NA,NA,NA,NA,NA,NA,NA,NA,NA,NA,169.279,NA
"GRC",1997,NA,NA,NA,NA,NA,NA,NA,NA,NA,NA,NA,NA,NA,168.776,NA
"GRC",1998,NA,NA,NA,NA,NA,NA,NA,NA,NA,NA,NA,NA,NA,181.41,NA
"GRC",1999,100.08,10.096,6.884,29.751,NA,NA,NA,NA,NA,NA,NA,NA,NA,185.705,NA
"GRC",2000,101.935,10.161,7.007,29.313,NA,NA,NA,NA,NA,NA,NA,NA,NA,180.829,NA
"GRC",2001,105.125,9.319,7.272,29.674,NA,NA,NA,NA,NA,NA,NA,NA,NA,180.072,NA
"GRC",2002,107.802,7.88,7.555,30.364,NA,NA,NA,NA,NA,NA,NA,NA,NA,186.154,NA
"GRC",2003,110.384,8.545,7.948,30.941,NA,NA,NA,NA,NA,NA,NA,NA,NA,188.795,NA
"GRC",2004,110.266,8.692,7.783,30.404,NA,NA,NA,NA,NA,NA,9.461,NA,NA,218.091,NA
"GRC",2005,110.307,7.75,7.733,30.078,NA,NA,NA,NA,NA,NA,9.571,NA,NA,215.308,NA
"GRC",2006,111.057,9.746,7.738,29.988,NA,NA,NA,NA,NA,NA,9.837,NA,NA,221.908,NA
"GRC",2007,110.608,9.725,7.491,29.196,NA,NA,NA,NA,NA,NA,9.802,NA,NA,236.083,NA
"GRC",2008,111.414,9.766,7.776,29.029,NA,NA,NA,NA,NA,NA,10.595,NA,3.881,232.87,NA
"GRC",2009,114.471,9.474,8.068,29.611,NA,NA,NA,NA,NA,NA,10.788,NA,4.521,231.592,NA
"GRC",2010,111.672,8.065,8.238,27.485,NA,NA,NA,NA,NA,NA,11.16,NA,5.118,237.166,NA
"GRC",2011,111.337,7.606,8.683,26.3,NA,NA,NA,NA,NA,NA,11.232,NA,5.582,231.766,NA
"GRC",2012,106.282,7.023,8.684,24.016,NA,NA,NA,NA,NA,NA,11.196,NA,6.097,223.531,NA
"GRC",2013,100.985,6.463,8.251,22.328,NA,NA,NA,NA,NA,NA,11.461,NA,6.629,214.858,NA
"GRC",2014,96.909,6.389,8.031,20.07,NA,NA,NA,NA,NA,NA,11.579,NA,6.8,212.982,NA
"GRC",2015,94.659,5.988,7.989,19.693,NA,NA,NA,NA,NA,NA,11.299,NA,7.213,216.246,NA
"GRC",2016,95.709,5.827,8.203,20.638,NA,NA,NA,NA,NA,NA,11.3,NA,7.571,220.484,NA
"GRC",2017,98.342,5.775,8.359,22.253,NA,NA,NA,NA,NA,NA,11.251,NA,8.048,223.227,NA
"HUN",1994,NA,NA,NA,NA,NA,NA,NA,NA,NA,NA,NA,NA,1.36,NA,NA
"HUN",1995,NA,NA,NA,NA,NA,NA,NA,NA,NA,NA,NA,NA,1.378,236.145,NA
"HUN",1996,NA,NA,NA,NA,NA,NA,NA,NA,NA,NA,NA,NA,1.389,230.837,NA
"HUN",1997,NA,NA,NA,NA,NA,NA,NA,NA,NA,NA,NA,NA,1.417,238.087,NA
"HUN",1998,NA,NA,NA,NA,NA,NA,NA,NA,NA,NA,NA,NA,1.452,248.16,NA
"HUN",1999,NA,NA,NA,NA,NA,NA,NA,NA,NA,NA,NA,NA,1.495,243.647,NA
"HUN",2000,NA,NA,NA,NA,NA,NA,NA,NA,NA,NA,6.314,NA,1.407,250.545,NA
"HUN",2001,NA,NA,NA,NA,NA,NA,NA,NA,NA,NA,6.614,NA,1.449,245.123,NA
"HUN",2002,NA,NA,NA,NA,NA,NA,NA,NA,NA,NA,6.871,NA,1.549,246.827,NA
"HUN",2003,NA,NA,NA,NA,NA,NA,NA,NA,NA,NA,7.123,NA,1.617,272.357,NA
"HUN",2004,NA,NA,NA,NA,NA,NA,NA,NA,NA,NA,7.34,NA,1.767,273.922,NA
"HUN",2005,NA,NA,NA,NA,NA,NA,NA,NA,NA,NA,7.286,NA,2.103,266.755,NA
"HUN",2006,103.423,12.565,9.918,28.75,NA,NA,NA,NA,NA,NA,7.677,NA,2.277,272.503,NA
"HUN",2007,90.854,13.025,8.307,22.196,NA,NA,NA,NA,NA,NA,5.867,NA,2.236,260.426,NA
"HUN",2008,94.549,13.097,9.261,22.983,NA,NA,NA,NA,NA,NA,6.944,NA,2.916,251.022,NA
"HUN",2009,90.684,12.634,8.937,21.499,NA,NA,NA,NA,NA,NA,7.261,NA,3.132,262.369,NA
"HUN",2010,99.132,13.034,9.224,24.144,NA,NA,NA,NA,NA,NA,6.944,NA,3.04,262.829,NA
"HUN",2011,104.186,14.308,9.282,25.775,NA,NA,NA,NA,NA,NA,6.948,NA,3.029,273.437,NA
"HUN",2012,99.128,13.164,9.454,24.594,NA,NA,NA,NA,NA,NA,7.206,NA,3.01,264.627,NA
"HUN",2013,106.746,14.445,11.099,24.437,NA,NA,NA,NA,NA,NA,NA,NA,3.196,268.325,NA
"HUN",2014,104.54,14.508,11.392,23.457,NA,NA,NA,NA,NA,NA,NA,NA,3.329,280.555,NA
"HUN",2015,104.558,14.324,11.259,23.514,NA,NA,NA,NA,NA,NA,NA,NA,3.309,293.68,NA
"HUN",2016,104.188,14.324,10.942,23.785,NA,NA,NA,NA,NA,NA,NA,NA,3.403,293.886,NA
"HUN",2017,105.461,13.974,12.311,23.047,NA,NA,NA,NA,NA,NA,NA,NA,4.993,300.285,NA
"IRL",1986,NA,NA,NA,NA,NA,NA,NA,NA,NA,NA,NA,NA,0.702,NA,NA
"IRL",1987,NA,NA,NA,NA,NA,NA,NA,NA,NA,NA,NA,NA,0.722,NA,NA
"IRL",1988,NA,NA,NA,NA,NA,NA,NA,NA,NA,NA,NA,NA,0.76,NA,NA
"IRL",1989,NA,NA,NA,NA,NA,NA,NA,NA,NA,NA,NA,NA,0.799,NA,NA
"IRL",1990,29.994,1.205,6.086,8.891,NA,NA,NA,NA,NA,NA,NA,NA,0.844,NA,NA
"IRL",1991,30.978,1.243,6.117,9.12,NA,NA,NA,NA,NA,NA,NA,NA,0.895,NA,NA
"IRL",1992,31.853,1.24,6.204,9.341,NA,NA,NA,NA,NA,NA,NA,NA,0.923,NA,NA
"IRL",1993,33.126,1.264,6.366,9.697,NA,NA,NA,NA,NA,NA,NA,NA,0.986,NA,NA
"IRL",1994,34.17,1.31,6.487,10.104,NA,NA,NA,NA,NA,NA,NA,NA,1.032,NA,NA
"IRL",1995,35.023,1.371,6.176,10.293,NA,NA,NA,NA,NA,NA,NA,NA,1.099,107.72208,NA
"IRL",1996,35.037,1.407,5.694,10.355,NA,NA,NA,NA,NA,NA,NA,NA,1.123,116.98233,NA
"IRL",1997,36.222,1.609,5.086,10.769,NA,NA,NA,NA,NA,NA,NA,NA,1.082,116.81843,NA
"IRL",1998,37.006,1.727,3.995,11.406,NA,NA,NA,NA,NA,NA,NA,NA,1.162,114.11438,NA
"IRL",1999,38.778,1.825,4.274,12.119,NA,NA,NA,NA,NA,NA,NA,NA,1.208,121.33262,NA
"IRL",2000,42.188,2.057,5.15,13.135,NA,NA,NA,NA,NA,NA,NA,NA,1.33,132.85634,NA
"IRL",2001,46.695,3.251,5.433,13.899,NA,NA,NA,NA,NA,NA,NA,NA,1.383,145.22603,NA
"IRL",2002,50.533,3.561,5.881,14.627,NA,NA,NA,NA,NA,NA,NA,NA,1.551,159.23129,NA
"IRL",2003,54.255,3.68,6.005,17.397,NA,NA,NA,NA,NA,NA,NA,NA,1.687,171.61367,NA
"IRL",2004,53.371,3.798,6.342,15.417,NA,NA,NA,50.2,0,50.2,NA,NA,1.742,179.42009,NA
"IRL",2005,55.699,4.078,6.672,15.976,NA,NA,NA,50.8,0,50.8,NA,NA,2.029,189.60703,NA
"IRL",2006,57.65,4.038,7.136,16.432,NA,NA,NA,53.6,0,53.6,NA,11.617,2.545,204.38599,65.217
"IRL",2007,60.021,4.1,8.363,16.726,NA,NA,NA,59.975,0,59.975,NA,12.311,2.877,217.7279,72.286
"IRL",2008,59.451,4.107,7.734,16.758,NA,NA,NA,60.85,0,60.85,NA,13.022,2.127,226.09611,73.872
"IRL",2009,58.229,3.975,7.646,16.332,NA,NA,NA,58.625,0,58.625,NA,13.663,2.366,233.48822,72.288
"IRL",2010,56.976,3.829,7.618,15.953,NA,NA,NA,61.325,0,61.325,NA,14.029,2.413,229.73279,75.354
"IRL",2011,56.36,3.916,7.575,14.845,NA,NA,2.085,59.275,0,59.275,NA,14.814,2.388,231.77206,74.089
"IRL",2012,55.317,3.792,7.528,14.459,NA,NA,NA,59.725,0,59.725,NA,14.498,2.478,233.6547,74.223
"IRL",2013,54.949,3.77,7.424,14.289,NA,NA,NA,58.05,0,58.05,NA,14.054,2.485,237.19331,72.104
"IRL",2014,56.497,4.203,7.711,14.378,NA,NA,NA,56.725,0,56.725,NA,14.029,2.561,239.39366,70.754
"IRL",2015,59.491,4.683,8.275,15.179,NA,NA,NA,58.05,0,58.05,NA,14.666,2.711,245.03151,72.716
"IRL",2016,61.026,4.933,8.568,15.535,NA,NA,NA,54.975,0,54.975,NA,15.178,2.89,248.82749,70.153
"IRL",2017,63.21,5.108,8.899,16.073,NA,NA,NA,58.475,0,58.475,NA,15.66,3.102,255.62282,74.135
"IRL",2018,65.675,5.458,9.294,16.548,NA,NA,NA,NA,NA,NA,NA,15.962,NA,NA,NA
"ISL",1970,NA,NA,NA,NA,NA,NA,NA,NA,NA,NA,NA,0.291,NA,NA,NA
"ISL",1971,NA,NA,NA,NA,NA,NA,NA,NA,NA,NA,NA,0.305,NA,NA,NA
"ISL",1972,NA,NA,NA,NA,NA,NA,NA,NA,NA,NA,NA,0.333,NA,NA,NA
"ISL",1973,NA,NA,NA,NA,NA,NA,NA,NA,NA,NA,NA,0.343,NA,NA,NA
"ISL",1974,NA,NA,NA,NA,NA,NA,NA,NA,NA,NA,NA,0.372,NA,NA,NA
"ISL",1975,NA,NA,NA,NA,NA,NA,NA,NA,NA,NA,NA,0.4,NA,NA,NA
"ISL",1976,NA,NA,NA,NA,NA,NA,NA,NA,NA,NA,NA,0.408,NA,NA,NA
"ISL",1977,NA,NA,NA,NA,NA,NA,NA,NA,NA,NA,NA,0.424,NA,NA,NA
"ISL",1978,NA,NA,NA,NA,NA,NA,NA,NA,NA,NA,NA,0.439,NA,NA,NA
"ISL",1979,NA,NA,NA,NA,NA,NA,NA,NA,NA,NA,NA,0.459,NA,NA,NA
"ISL",1980,NA,NA,NA,NA,NA,0.168,0.154,2.028,0.868,1.16,0.151,0.488,0.075,NA,2.516
"ISL",1981,NA,NA,NA,NA,NA,0.176,0.165,2.156,0.91,1.246,0.157,0.509,NA,NA,2.665
"ISL",1982,NA,NA,NA,NA,NA,0.18,0.176,2.333,0.967,1.366,0.16,0.532,NA,NA,2.865
"ISL",1983,NA,NA,NA,NA,NA,0.191,0.186,2.538,1.084,1.454,0.168,0.545,NA,NA,3.083
"ISL",1984,NA,NA,NA,NA,NA,0.193,0.189,2.638,1.119,1.519,0.166,0.574,NA,NA,3.212
"ISL",1985,NA,NA,NA,NA,NA,0.197,0.189,2.679,1.114,1.565,0.178,0.626,0.133,NA,3.305
"ISL",1986,NA,NA,NA,NA,NA,0.205,0.189,2.779,1.122,1.657,0.18,0.632,0.139,NA,3.411
"ISL",1987,NA,NA,NA,NA,NA,0.213,0.181,2.893,1.184,1.709,0.183,0.665,0.152,NA,3.558
"ISL",1988,NA,NA,NA,NA,NA,0.215,0.188,2.965,1.247,1.718,0.21,0.675,0.176,NA,3.64
"ISL",1989,NA,NA,NA,NA,NA,0.219,0.199,3.052,1.33,1.722,0.212,0.715,0.185,NA,3.767
"ISL",1990,NA,NA,NA,NA,NA,0.23,0.202,3.179,1.386,1.793,0.223,0.726,0.206,NA,3.905
"ISL",1991,NA,NA,NA,NA,NA,0.241,0.197,3.224,1.408,1.816,0.222,0.734,0.21,NA,3.958
"ISL",1992,NA,NA,NA,NA,NA,0.257,0.2,3.254,1.395,1.859,0.236,0.771,0.233,NA,4.025
"ISL",1993,NA,NA,NA,NA,NA,0.264,0.195,3.363,1.45,1.913,0.24,0.779,0.247,NA,4.142
"ISL",1994,NA,NA,NA,NA,NA,0.273,0.194,3.421,1.469,1.952,0.261,0.797,0.252,NA,4.218
"ISL",1995,NA,NA,NA,NA,NA,0.27,NA,3.505,1.47,2.035,0.293,0.809,0.27,NA,4.314
"ISL",1996,NA,NA,NA,NA,NA,0.277,NA,3.522,1.47,2.052,0.313,0.839,0.288,NA,4.361
"ISL",1997,NA,NA,NA,NA,NA,0.284,0.202,3.554,1.479,2.075,0.329,0.884,0.321,NA,4.438
"ISL",1998,NA,NA,NA,NA,NA,0.271,0.207,3.701,1.496,2.205,0.334,0.909,0.333,NA,4.61
"ISL",1999,NA,NA,NA,NA,NA,0.278,0.209,3.717,1.501,2.216,0.276,0.938,0.375,NA,4.655
"ISL",2000,NA,NA,NA,NA,NA,0.283,0.206,3.728,1.491,2.237,0.27,0.968,0.405,NA,4.696
"ISL",2001,NA,NA,NA,NA,NA,0.285,0.219,3.745,1.42,2.325,0.282,0.99,0.415,NA,4.735
"ISL",2002,NA,NA,NA,NA,NA,0.288,0.208,3.816,1.474,2.342,0.312,1.029,NA,NA,4.845
"ISL",2003,NA,NA,NA,NA,NA,0.288,0.216,3.948,1.474,2.474,0.317,1.047,NA,NA,4.995
"ISL",2004,NA,NA,NA,NA,NA,0.287,0.224,3.999,1.474,2.525,0.321,1.056,0.41,NA,5.055
"ISL",2005,NA,NA,NA,NA,NA,0.289,0.232,4.146,1.6,2.546,0.332,1.072,0.42,NA,5.218
"ISL",2006,NA,NA,NA,NA,NA,0.286,0.24,4.167,1.6,2.567,0.345,1.095,0.425,NA,5.262
"ISL",2007,6.48,NA,0.657,2.462,NA,0.294,0.245,4.361,1.632,2.729,0.356,1.126,0.45,NA,5.487
"ISL",2008,6.576,NA,0.661,2.448,NA,0.301,0.25,4.726,1.997,2.729,0.356,1.156,0.475,20.3,5.882
"ISL",2009,6.214,NA,0.665,2.193,NA,0.294,0.25,4.871,2.185,2.686,0.356,1.162,0.47,20.8,6.033
"ISL",2010,6.028,NA,0.654,2.046,NA,0.299,0.25,4.625,1.972,2.653,0.365,1.142,0.473,20.3,5.767
"ISL",2011,6.036,NA,0.651,2.043,NA,0.283,0.278,4.728,1.963,2.765,0.38,1.118,0.47,19.7,5.846
"ISL",2012,6.095,NA,0.678,2.082,NA,0.27,0.256,4.863,1.954,2.909,0.358,1.142,0.498,19.8,6.005
"ISL",2013,6.162,NA,0.689,2.068,NA,0.272,0.264,5.003,1.978,3.025,0.36,1.168,0.515,20.2,6.171
"ISL",2014,6.357,NA,0.705,2.09,NA,0.274,0.27,5.019,1.987,3.032,0.363,1.193,0.531,20.5,6.212
"ISL",2015,6.507,NA,0.72,2.159,NA,0.278,0.275,5.112,2.022,3.09,0.37,1.249,0.548,20.9,6.361
"ISL",2016,6.905,NA,0.759,2.275,NA,0.278,0.265,4.77,2.029,2.741,0.366,1.292,0.561,21,6.062
"ISL",2017,7.14,NA,0.796,2.441,NA,0.279,0.275,4.978,1.998,2.98,0.375,1.33,0.597,21.4,6.308
"ISL",2018,7.404,NA,0.832,2.592,NA,0.289,0.285,5.174,2.019,3.155,NA,1.373,0.609,22.6,6.547
"ISR",1970,NA,NA,NA,NA,NA,NA,NA,NA,NA,NA,NA,5.354,NA,NA,NA
"ISR",1971,NA,NA,NA,NA,NA,NA,NA,NA,NA,NA,NA,5.686,NA,NA,NA
"ISR",1972,NA,NA,NA,NA,NA,NA,NA,NA,NA,NA,NA,6.337,NA,NA,NA
"ISR",1973,NA,NA,NA,NA,NA,NA,NA,NA,NA,NA,NA,6.988,NA,NA,NA
"ISR",1974,NA,NA,NA,NA,NA,NA,NA,NA,NA,NA,NA,7.706,NA,NA,NA
"ISR",1975,NA,NA,NA,NA,NA,NA,NA,NA,NA,NA,NA,8.064,NA,NA,NA
"ISR",1976,NA,NA,NA,NA,NA,NA,NA,NA,NA,NA,NA,8.496,NA,NA,NA
"ISR",1977,NA,NA,NA,NA,NA,NA,NA,NA,NA,NA,NA,8.995,NA,NA,NA
"ISR",1978,NA,NA,NA,NA,NA,NA,NA,NA,NA,NA,NA,9.488,NA,NA,NA
"ISR",1979,NA,NA,NA,NA,NA,NA,NA,NA,NA,NA,NA,10.14,NA,NA,NA
"ISR",1980,NA,NA,NA,NA,NA,2.229,NA,NA,NA,NA,1.59,10.801,NA,NA,NA
"ISR",1981,NA,NA,NA,NA,NA,2.388,NA,NA,NA,NA,1.645,11.158,NA,NA,NA
"ISR",1982,NA,NA,NA,NA,NA,2.556,NA,NA,NA,NA,1.715,11.52,NA,NA,NA
"ISR",1983,NA,NA,NA,NA,NA,2.794,NA,NA,NA,NA,1.776,11.946,NA,NA,NA
"ISR",1984,NA,NA,NA,NA,NA,3.023,NA,NA,NA,NA,1.843,12.446,NA,NA,NA
"ISR",1985,NA,NA,NA,NA,NA,3.197,NA,NA,NA,NA,1.905,12.728,NA,NA,NA
"ISR",1986,NA,NA,NA,NA,NA,3.378,NA,NA,NA,NA,1.968,13.008,NA,NA,NA
"ISR",1987,NA,NA,NA,NA,NA,3.552,NA,NA,NA,NA,2.013,13.323,NA,NA,NA
"ISR",1988,NA,NA,NA,NA,NA,3.825,NA,NA,NA,NA,2.057,13.605,NA,NA,NA
"ISR",1989,NA,NA,NA,NA,NA,4.114,NA,NA,NA,NA,2.15,13.839,NA,NA,NA
"ISR",1990,NA,NA,NA,NA,NA,4.666,NA,NA,NA,NA,2.258,14.372,NA,NA,NA
"ISR",1991,NA,NA,NA,NA,NA,5.324,NA,NA,NA,NA,2.455,15.764,NA,NA,NA
"ISR",1992,NA,NA,NA,NA,NA,5.454,NA,NA,NA,NA,2.587,18.119,NA,NA,NA
"ISR",1993,NA,NA,NA,NA,NA,5.545,NA,NA,NA,NA,2.677,18.674,NA,NA,NA
"ISR",1994,NA,NA,NA,NA,NA,5.677,NA,NA,NA,NA,2.777,19.331,NA,NA,NA
"ISR",1995,69.6,5.7,3.9,26.2,NA,5.791,NA,NA,NA,NA,2.917,19.836,NA,175.04299,NA
"ISR",1996,72.1,6.5,3.6,27.7,NA,5.93,NA,NA,NA,NA,3.042,20.459,NA,182.98657,NA
"ISR",1997,75,6.3,4.5,29.1,NA,6.181,NA,NA,NA,NA,3.287,21.121,NA,187.21535,NA
"ISR",1998,78,6.8,2.5,31.5,NA,6.476,NA,NA,NA,NA,3.393,21.573,NA,205.64218,NA
"ISR",1999,82.4,9.3,3.7,30.1,NA,6.614,NA,NA,NA,NA,3.576,22.148,NA,216.83207,NA
"ISR",2000,79.8,7.8,5.3,31,NA,6.879,1.421,39.813,15.143,24.67,3.77,22.725,NA,220.56472,62.538
"ISR",2001,84.7,9.7,4.7,32.6,NA,7.105,1.429,40.894,14.985,25.909,4.04,23.272,NA,236.36471,64.166
"ISR",2002,83.6,7.7,4.8,32.8,NA,7.234,1.493,42.183,14.766,27.417,4.27,23.758,NA,245.30188,65.941
"ISR",2003,83.5,8.7,4.8,34.3,NA,7.345,1.533,42.857,14.303,28.554,4.417,24.18,NA,261.82866,67.037
"ISR",2004,86.1,9,5.3,32.1,NA,7.409,1.495,43.477,13.615,29.862,4.555,24.387,NA,268.34957,67.864
"ISR",2005,85.3,8.3,6.5,31,NA,7.437,1.452,44.151,12.963,31.188,4.707,24.512,NA,279.18347,68.663
"ISR",2006,81.4,8.7,5.4,28,NA,7.549,1.491,44.612,12.176,32.436,4.973,24.675,NA,276.29827,69.287
"ISR",2007,90.2,10.8,5.3,32.9,NA,7.612,1.495,45.123,11.658,33.465,5.25,24.85,NA,280.32967,69.973
"ISR",2008,91.1,10.3,6.7,31.2,NA,7.71,1.537,45.5,10.949,34.551,5.397,25.02,NA,290.20127,70.52
"ISR",2009,87.7,9.9,7.2,31.3,NA,7.869,1.554,45.924,10.505,35.419,5.911,25.474,NA,300.67826,71.398
"ISR",2010,89.4,10.1,6.1,32.1,NA,8.049,1.597,46.151,10.132,36.019,6.097,25.853,NA,315.58321,72.004
"ISR",2011,88.1,8.3,5.8,34.1,NA,8.175,1.702,46.352,9.646,36.706,6.429,26.337,NA,321.4884,72.689
"ISR",2012,89.7,9.3,5.3,35.7,NA,8.345,1.741,46.715,9.147,37.568,6.669,26.709,NA,354.50748,73.424
"ISR",2013,87.8,3.8,10.8,33.9,NA,8.469,1.792,46.988,8.667,38.321,6.73,26.968,9.267,368.74775,73.956
"ISR",2014,92.2,4.1,14.9,30.6,NA,8.558,1.832,47.842,8.246,39.596,7.062,27.23,9.267,394.79964,75.072
"ISR",2015,89.6,3.8,13.9,28.8,NA,8.769,1.964,48.515,7.843,40.672,7.21,27.62,9.4,410.43393,76.135
"ISR",2016,90.8,4.6,13.6,28.3,NA,9.007,2.008,49.494,7.557,41.937,7.592,28.083,10.133,417.46199,77.577
"ISR",2017,95,3.7,12.2,32.2,NA,9.354,2.041,50.915,7.348,43.567,8.009,28.674,10.833,428.71829,79.589
"ISR",2018,98.7,3,13.1,34.1,NA,9.56,2.093,52.268,7.088,45.18,8.14,29.58,NA,NA,81.848
"ITA",1993,NA,NA,NA,NA,NA,24,NA,NA,NA,NA,NA,NA,NA,NA,NA
"ITA",1994,NA,NA,NA,NA,NA,24,NA,NA,NA,NA,NA,NA,NA,NA,NA
"ITA",1995,NA,NA,NA,NA,NA,23,NA,NA,NA,NA,NA,216,NA,1342.6,NA
"ITA",1996,NA,NA,NA,NA,NA,27,NA,NA,NA,NA,NA,221.66667,NA,1366.8,NA
"ITA",1997,NA,NA,NA,NA,NA,28,NA,NA,NA,NA,NA,227.33333,NA,1392.1,NA
"ITA",1998,NA,NA,NA,NA,NA,31,NA,NA,NA,NA,NA,231.66667,NA,1433.7,NA
"ITA",1999,NA,NA,NA,NA,NA,35,NA,NA,NA,NA,NA,234.33333,NA,1455.4,NA
"ITA",2000,NA,NA,NA,NA,NA,32,NA,NA,NA,NA,NA,237.33333,NA,1497.8,NA
"ITA",2001,NA,NA,NA,NA,NA,31,NA,NA,NA,NA,NA,242.33333,NA,1531.1,NA
"ITA",2002,NA,NA,NA,NA,NA,31,NA,NA,NA,NA,NA,246.33333,NA,1554.8,NA
"ITA",2003,647.024,NA,67.468,191.791,NA,31,NA,NA,NA,NA,NA,246.33333,NA,1582.9,NA
"ITA",2004,637.951,NA,67.951,187.039,NA,33,NA,NA,NA,NA,53,243.725,NA,1610.9,NA
"ITA",2005,639.772,NA,74.001,186.353,NA,35,NA,NA,NA,NA,50,233.46367,NA,1633.8,NA
"ITA",2006,634.827,NA,66.654,180.41,NA,37,NA,NA,NA,NA,44,226.256,NA,1643.2,NA
"ITA",2007,649.724,NA,68.68,181.674,NA,33.568,NA,NA,NA,NA,55.077,221.841,NA,1650.9,NA
"ITA",2008,651.095,NA,68.936,180.574,NA,28.566,NA,NA,NA,NA,59.58,230.047,NA,1696.6,NA
"ITA",2009,654.478,NA,69.658,180.798,NA,31.085,NA,NA,NA,NA,53.11,240.484,NA,1711.6,NA
"ITA",2010,656.523,NA,72.98,178.864,NA,34.023,NA,NA,NA,NA,51.832,243.449,NA,1727.4,NA
"ITA",2011,650.239,NA,71.651,176.278,469.963,35.183,NA,384.853,0,384.853,57.586,242.128,50.513,1762.7,626.981
"ITA",2012,638.753,NA,70.942,170.773,532.774,39.511,NA,381.356,0,381.356,57.684,242.09633,56.972,1780.4,623.45233
"ITA",2013,639.677,NA,72.046,170.434,590.812,47.038,15.82395,369.706,0,369.706,69.166,248.677,56.548,1799.2,618.383
"ITA",2014,630.281,NA,72.089,166.219,625.464,47.61,16.55304,374.1,0,374.1,70.987,252.796,60.651,1834.5,626.896
"ITA",2015,625.196,NA,71.664,164.741,644.787,47.604,17.63,370.949,0,370.949,70.645,252.465,59.566,1865.8,623.414
"ITA",2016,627.011,NA,73.251,163.745,669.763,48.559,18.154,396.539,0,396.539,70.782,251.161,61.033,1897.3,647.7
"ITA",2017,625.107,NA,72.002,161.396,672.761,49.552,17.919,406.291,0,406.291,72.724,248.136,61.297,1951.3,654.427
"ITA",2018,NA,NA,NA,NA,NA,49.933,NA,NA,NA,NA,NA,NA,NA,NA,NA
"JPN",1975,NA,NA,NA,NA,NA,NA,NA,NA,NA,NA,NA,131.01,NA,NA,NA
"JPN",1976,NA,NA,NA,NA,NA,NA,NA,NA,NA,NA,NA,133.416,NA,NA,NA
"JPN",1977,NA,NA,NA,NA,NA,NA,NA,NA,NA,NA,NA,136.667,NA,NA,NA
"JPN",1978,NA,NA,NA,NA,NA,NA,NA,NA,NA,NA,NA,141.347,NA,NA,NA
"JPN",1979,NA,NA,NA,NA,NA,NA,NA,NA,NA,NA,NA,148.58,NA,NA,NA
"JPN",1980,985.768,NA,NA,NA,NA,52.369,NA,NA,NA,NA,NA,154.578,NA,NA,NA
"JPN",1981,1030.092,NA,NA,NA,NA,55.68,NA,NA,NA,NA,NA,161.26,NA,NA,NA
"JPN",1982,1072.386,NA,NA,NA,NA,57.148,NA,NA,NA,NA,NA,166.212,NA,NA,NA
"JPN",1983,1111.129,NA,NA,NA,NA,NA,NA,NA,NA,NA,NA,NA,NA,NA,NA
"JPN",1984,1149.505,NA,NA,NA,NA,61.911,NA,NA,NA,NA,NA,179.358,NA,NA,NA
"JPN",1985,1183.383,NA,NA,NA,NA,NA,NA,NA,NA,NA,NA,NA,NA,NA,NA
"JPN",1986,1229.386,NA,NA,NA,NA,65.605,NA,NA,NA,NA,NA,189.531,NA,NA,NA
"JPN",1988,NA,NA,NA,NA,NA,69.499,NA,NA,NA,NA,NA,199.958,NA,NA,NA
"JPN",1990,NA,NA,NA,NA,NA,73.041,NA,NA,NA,NA,NA,210.197,NA,NA,NA
"JPN",1992,NA,NA,NA,NA,NA,76.343,NA,NA,NA,NA,NA,218.066,NA,NA,NA
"JPN",1994,NA,NA,NA,NA,NA,79.896,NA,NA,NA,NA,NA,228.643,NA,3503,NA
"JPN",1995,NA,NA,NA,NA,NA,NA,NA,NA,NA,NA,NA,NA,NA,3637,NA
"JPN",1996,NA,NA,NA,NA,NA,84.366,NA,NA,NA,NA,NA,239.002,NA,3770,NA
"JPN",1997,NA,NA,NA,NA,NA,NA,NA,NA,NA,NA,NA,NA,NA,3929,NA
"JPN",1998,NA,NA,NA,NA,NA,86.847,NA,NA,NA,NA,NA,246.548,NA,4097,NA
"JPN",1999,NA,NA,NA,NA,NA,NA,NA,NA,NA,NA,NA,NA,NA,4246,NA
"JPN",2000,NA,NA,NA,NA,NA,89.668,NA,NA,NA,NA,NA,253.469,NA,4515,NA
"JPN",2001,NA,NA,NA,NA,NA,NA,NA,NA,NA,NA,NA,NA,NA,4769,NA
"JPN",2002,NA,NA,NA,NA,NA,91.783,24.34,1135.692,393.413,742.279,NA,260.5,NA,4959,1396.192
"JPN",2003,NA,NA,NA,NA,NA,NA,NA,NA,NA,NA,NA,NA,NA,5176,NA
"JPN",2004,NA,NA,NA,NA,NA,94.022,25.257,1185.376,385.96,799.416,NA,267.943,NA,5406,1453.319
"JPN",2005,NA,NA,NA,NA,NA,NA,NA,NA,NA,NA,NA,NA,NA,5710,NA
"JPN",2006,NA,NA,NA,NA,NA,95.944,25.775,1234.312,382.149,852.163,NA,275.127,NA,5924,1509.439
"JPN",2007,NA,NA,NA,NA,NA,NA,NA,NA,NA,NA,NA,NA,NA,6068,NA
"JPN",2008,NA,NA,NA,NA,NA,98.063,27.789,1295.67,375.042,920.628,NA,283.915,NA,6301,1579.585
"JPN",2009,NA,NA,NA,NA,NA,NA,NA,NA,NA,NA,NA,NA,NA,6567,NA
"JPN",2010,NA,NA,NA,NA,NA,100.161,29.672,1365.899,368.148,997.751,NA,292.338,NA,6931,1658.237
"JPN",2011,NA,NA,NA,NA,NA,NA,NA,NA,NA,NA,NA,NA,NA,7162,NA
"JPN",2012,NA,NA,NA,NA,NA,101.11,31.835,1420.8,357.777,1063.023,NA,300.664,NA,7464,1721.464
"JPN",2013,NA,NA,NA,NA,NA,NA,NA,NA,NA,NA,NA,NA,NA,7706,NA
"JPN",2014,NA,NA,NA,NA,NA,102.534,33.956,1475.384,340.153,1135.231,NA,308.651,NA,7922,1784.035
"JPN",2015,NA,NA,NA,NA,NA,NA,NA,NA,NA,NA,NA,NA,NA,8214,NA
"JPN",2016,NA,NA,NA,NA,NA,103.127,35.774,1523.788,323.111,1200.677,NA,317.162,NA,NA,1840.95
"KOR",2000,182.262,NA,NA,NA,NA,NA,NA,NA,NA,NA,NA,NA,NA,NA,NA
"KOR",2001,183.741,NA,NA,NA,NA,NA,NA,NA,NA,NA,NA,NA,NA,NA,NA
"KOR",2002,196.545,NA,NA,NA,NA,NA,NA,NA,NA,NA,NA,NA,NA,NA,NA
"KOR",2003,208.098,NA,NA,NA,NA,NA,NA,NA,NA,NA,NA,NA,NA,NA,NA
"KOR",2004,211.073,0,32.361,56.735,NA,NA,NA,NA,NA,NA,NA,NA,14.224,NA,NA
"KOR",2005,216.907,0,34.414,56.096,NA,NA,NA,NA,NA,NA,NA,NA,15.681,NA,NA
"KOR",2006,236.585,0,37.466,65.849,NA,NA,NA,NA,NA,NA,NA,NA,17.185,NA,NA
"KOR",2007,252.872,0,41.492,69.472,NA,NA,NA,NA,NA,NA,NA,NA,18.781,NA,NA
"KOR",2008,272.56,0,45.633,71.62,NA,NA,NA,NA,NA,NA,NA,NA,20.218,850.5,NA
"KOR",2009,285.303,0,48.896,72.386,NA,NA,NA,NA,NA,NA,NA,NA,21.335,1006.4,NA
"KOR",2010,299.413,0,52.305,72.565,NA,NA,NA,NA,NA,NA,NA,NA,22.827,1162,NA
"KOR",2011,311.823,0,58.157,72.171,NA,NA,NA,NA,NA,NA,NA,NA,24.017,1328.2,NA
"KOR",2012,253.907,0,57.828,9.247,NA,NA,NA,NA,NA,NA,NA,NA,25.475,1415.3,NA
"KOR",2013,281.525,0,61.586,10.12,NA,NA,NA,NA,NA,NA,NA,NA,27.111,1565.5,NA
"KOR",2014,305.867,0,66.307,10.788,NA,NA,NA,NA,NA,NA,NA,NA,29.356,1708.5,NA
"KOR",2015,328.708,0,69.813,11.123,NA,NA,NA,NA,NA,NA,NA,NA,31.194,1781,NA
"KOR",2016,370.84,0,78.553,11.366,NA,NA,NA,NA,NA,NA,NA,NA,33.345,1860.8,NA
"KOR",2017,384.063,0,82.866,11.525,NA,NA,NA,NA,NA,NA,NA,NA,35.587,1921.3,NA
"LTU",1970,NA,NA,NA,NA,NA,NA,NA,NA,NA,NA,NA,7.263,NA,NA,NA
"LTU",1980,NA,NA,NA,NA,NA,1.924,NA,NA,NA,NA,1.372,11.347,NA,NA,NA
"LTU",1981,NA,NA,NA,NA,NA,1.964,4.163,27.439,0,27.439,1.484,11.718,NA,NA,39.157
"LTU",1982,NA,NA,NA,NA,NA,2.031,4.067,29.175,0,29.175,1.573,12.109,NA,NA,41.284
"LTU",1983,NA,NA,NA,NA,NA,2.113,4.102,30.45,0,30.45,1.654,12.54,NA,NA,42.99
"LTU",1984,NA,NA,NA,NA,NA,2.134,4.188,31.521,0,31.521,1.747,12.879,NA,NA,44.4
"LTU",1985,NA,NA,NA,NA,NA,2.156,4.158,31.949,0,31.949,1.78,13.09,NA,NA,45.039
"LTU",1986,NA,NA,NA,NA,NA,2.178,4.232,32.959,0,32.959,1.886,13.555,NA,NA,46.514
"LTU",1987,NA,NA,NA,NA,NA,2.224,4.206,34.465,0,34.465,1.832,13.947,NA,NA,48.412
"LTU",1988,NA,NA,NA,NA,NA,2.23,4.238,35.022,0,35.022,1.873,14.293,NA,NA,49.315
"LTU",1989,NA,NA,NA,NA,NA,2.259,3.971,36.611,0,36.611,1.959,14.579,NA,NA,51.19
"LTU",1990,NA,NA,NA,NA,NA,2.236,3.965,36.644,0,36.644,2,14.795,NA,NA,51.439
"LTU",1991,NA,NA,NA,NA,NA,2.12,1.972,33.069,0,33.069,1.988,14.464,NA,NA,47.533
"LTU",1992,NA,NA,NA,NA,NA,2.088,1.842,33.108,0,33.108,NA,14.534,2.437,NA,47.642
"LTU",1993,NA,NA,NA,NA,NA,1.974,1.83,32.618,0,32.618,NA,14.648,2.574,NA,47.266
"LTU",1994,NA,NA,NA,NA,NA,1.875,1.761,32.889,0,32.889,2.003,14.962,2.856,NA,47.851
"LTU",1995,NA,NA,NA,NA,NA,1.76,1.829,32.485,0,32.485,2.235,14.719,2.872,99.45007,47.204
"LTU",1996,NA,NA,NA,NA,NA,1.727,1.793,32.403,0,32.403,2.171,14.745,3.03,98.71538,47.148
"LTU",1997,NA,NA,NA,NA,NA,2.167,1.645,31.61,0,31.61,2.146,14.743,3.037,99.3171,46.353
"LTU",1998,NA,NA,NA,NA,NA,2.274,1.611,31.102,0,31.102,2.14,14.607,2.887,100.20273,45.709
"LTU",1999,NA,NA,NA,NA,NA,2.341,1.474,27.976,0,27.976,2.159,14.543,3.044,97.99597,42.519
"LTU",2000,49.586,4.988,5.064,15.288,6.948,2.461,1.38,26.755,0,26.755,2.195,14.019,2.998,93.81893,40.774
"LTU",2001,47.414,4.704,4.916,13.948,6.346,2.49,1.35,26.437,0,26.437,2.266,14.031,2.895,97.21352,40.468
"LTU",2002,46.421,4.431,3.989,14.772,5.928,2.309,1.239,25.679,0,25.679,2.238,13.856,2.772,92.49526,39.535
"LTU",2003,45.046,4.282,3.944,14.182,5.383,2.372,1.132,25.097,0,25.097,2.39,13.682,2.853,96.84595,38.779
"LTU",2004,44.02,4.273,3.843,13.575,5.298,2.272,1.081,24.539,0,24.539,NA,13.397,2.743,97.61761,37.936
"LTU",2005,43.44,4.772,3.701,12.694,5.876,2.453,1.022,24.342,0,24.342,NA,13.65,2.808,94.74585,37.992
"LTU",2006,43.244,4.831,3.626,12.396,6.066,2.249,0.971,24.198,0,24.198,NA,13.51,2.711,98.03952,37.708
"LTU",2007,42.953,4.883,3.546,12.15,6.089,2.395,0.947,23.857,0,23.857,NA,13.729,2.725,94.50159,37.586
"LTU",2008,44.615,5.279,3.55,12.485,6.475,2.287,0.932,23.976,0,23.976,NA,13.403,2.821,88.92678,37.379
"LTU",2009,43.73,5.219,3.442,11.972,6.29,2.408,0.907,23.383,0,23.383,NA,13.228,2.712,87.14018,36.611
"LTU",2010,43.179,5.324,3.348,11.56,6.387,2.529,0.89,22.953,0,22.953,NA,13.203,2.824,87.61926,36.156
"LTU",2011,43.916,5.383,3.369,11.944,6.455,2.562,0.897,22.936,0,22.936,NA,13.327,2.883,87.36311,36.263
"LTU",2012,43.99,5.502,3.306,11.858,6.6,2.765,0.897,22.796,0,22.796,NA,13.552,3.037,85.47887,36.348
"LTU",2013,43.446,5.597,3.24,11.515,6.854,2.763,0.903,22.427,0,22.427,NA,13.57,3.01,84.77083,35.997
"LTU",2014,43.752,5.684,3.205,11.607,7.02,2.756,0.907,22.374,0,22.374,NA,13.51,3.061,84.6828,35.884
"LTU",2015,43.599,5.773,3.175,11.473,7.24,2.723,0.912,22.342,0,22.342,NA,13.49,3.186,89.79399,35.832
"LTU",2016,43.678,6.048,3.148,11.259,7.515,2.877,0.922,22.187,0,22.187,NA,13.681,3.326,92.15056,35.868
"LTU",2017,43.624,6.172,3.061,11.239,7.685,2.921,0.904,21.903,0,21.903,2.953,13.731,3.358,92.56669,35.634
"LUX",1995,NA,NA,NA,NA,NA,NA,NA,NA,NA,NA,NA,NA,0.255,13.029,NA
"LUX",1996,NA,NA,NA,NA,NA,NA,NA,NA,NA,NA,NA,NA,0.329,13.607,NA
"LUX",1997,NA,NA,NA,NA,NA,NA,NA,NA,NA,NA,NA,NA,0.305,14.299,NA
"LUX",1998,NA,NA,NA,NA,NA,NA,NA,NA,NA,NA,NA,NA,0.304,14.934,NA
"LUX",1999,NA,NA,NA,NA,NA,NA,NA,NA,NA,NA,NA,NA,0.301,16.109,NA
"LUX",2000,NA,NA,NA,NA,NA,NA,NA,NA,NA,NA,NA,NA,0.301,17.624,NA
"LUX",2001,NA,NA,NA,NA,NA,NA,NA,NA,NA,NA,NA,NA,0.306,18.595,NA
"LUX",2002,NA,NA,NA,NA,NA,NA,NA,NA,NA,NA,NA,NA,0.32,20.064,NA
"LUX",2003,NA,NA,NA,NA,NA,NA,NA,NA,NA,NA,NA,NA,0.408,21.538,NA
"LUX",2004,NA,NA,NA,NA,NA,NA,NA,NA,NA,NA,NA,1.244,0.436,22.909,NA
"LUX",2005,6.443,NA,NA,NA,NA,NA,0.159,NA,NA,NA,0.385,1.308,0.445,24.282,NA
"LUX",2006,6.624,NA,NA,NA,NA,NA,0.159,NA,NA,NA,0.401,1.36,0.489,25.615,NA
"LUX",2007,NA,NA,NA,NA,2.342,NA,0.164,5.197,0,5.197,0.405,1.436,0.555,27.02,6.633
"LUX",2008,NA,NA,NA,NA,2.48,NA,0.177,5.425,0,5.425,0.408,1.476,0.714,28.466,6.901
"LUX",2009,NA,NA,NA,NA,2.65,NA,0.186,5.749,0,5.749,0.423,1.484,0.765,29.789,7.233
"LUX",2010,NA,0.609,NA,NA,2.755,NA,0.186,5.82,0,5.82,0.44,1.549,0.8,32.115,7.369
"LUX",2011,NA,0.594,NA,NA,2.868,NA,0.19,6.048,0,6.048,0.445,1.578,0.86,33.88,7.626
"LUX",2012,NA,0.601,NA,NA,3.151,0.444,0.198,6.521,0,6.521,0.452,1.632,0.949,36.024,8.153
"LUX",2013,NA,0.59,NA,NA,3.219,0.475,0.206,6.664,0,6.664,0.454,1.672,1.01,38.707,8.336
"LUX",2014,NA,0.569,NA,NA,3.349,0.478,0.198,6.833,0,6.833,0.468,1.744,1.073,40.619,8.577
"LUX",2015,NA,0.549,NA,NA,3.468,0.509,0.21,6.948,0,6.948,0.487,1.776,1.113,42.159,8.724
"LUX",2016,NA,NA,NA,NA,3.584,0.553,0.214,6.99,0,6.99,0.496,1.81,1.156,43.278,8.8
"LUX",2017,NA,NA,NA,NA,3.696,0.594,0.217,7.144,0,7.144,0.514,1.973,1.198,45.366,9.117
"LVA",1985,NA,NA,NA,NA,NA,1.483,NA,NA,NA,NA,NA,NA,NA,NA,NA
"LVA",1986,NA,NA,NA,NA,NA,1.5,NA,NA,NA,NA,NA,NA,NA,NA,NA
"LVA",1987,NA,NA,NA,NA,NA,1.5,NA,NA,NA,NA,NA,NA,NA,NA,NA
"LVA",1988,NA,NA,NA,NA,NA,1.5,NA,NA,NA,NA,NA,NA,NA,NA,NA
"LVA",1989,NA,NA,NA,NA,NA,1.5,NA,NA,NA,NA,NA,9.494,NA,NA,NA
"LVA",1990,NA,NA,NA,NA,NA,1.539,NA,NA,NA,NA,NA,9.838,NA,NA,NA
"LVA",1991,NA,NA,NA,NA,NA,1.478,NA,NA,NA,NA,NA,9.954,NA,NA,NA
"LVA",1992,NA,NA,NA,NA,NA,1.016,NA,NA,NA,NA,NA,8.789,NA,NA,NA
"LVA",1993,NA,NA,NA,NA,NA,0.913,NA,NA,NA,NA,NA,7.862,NA,NA,NA
"LVA",1994,NA,NA,NA,NA,NA,0.939,NA,NA,NA,NA,NA,7.714,NA,NA,NA
"LVA",1995,NA,NA,NA,NA,NA,0.931,NA,NA,NA,NA,NA,7.395,NA,NA,NA
"LVA",1996,NA,NA,NA,NA,NA,1.185,NA,NA,NA,NA,NA,7.356,NA,NA,NA
"LVA",1997,NA,NA,NA,NA,NA,1.111,NA,NA,NA,NA,1.629,7.833,NA,NA,NA
"LVA",1998,NA,NA,NA,NA,NA,1.064,NA,NA,NA,NA,1.537,7.554,0.056,NA,NA
"LVA",1999,NA,NA,NA,NA,NA,1.164,NA,NA,NA,NA,1.614,7.77,0.077,NA,NA
"LVA",2000,NA,NA,NA,NA,NA,1.278,0.582,13.246,NA,NA,1.434,7.748,0.117,52.52,20.994
"LVA",2001,NA,NA,NA,NA,NA,1.245,0.548,12.957,NA,NA,1.453,6.997,0.117,49.913,19.954
"LVA",2002,NA,NA,NA,NA,NA,1.268,0.527,12.987,NA,NA,1.476,7.11,0.128,48.45,20.097
"LVA",2003,NA,NA,NA,NA,NA,1.287,0.535,13.009,NA,NA,1.48,7.087,0.164,48.199,20.096
"LVA",2004,NA,NA,NA,NA,NA,1.39,0.536,13.162,NA,NA,1.439,7.198,0.197,47.295,20.36
"LVA",2005,NA,NA,NA,NA,NA,1.45,0.526,13.079,NA,NA,1.468,7.259,0.21,48.908,20.338
"LVA",2006,NA,NA,NA,NA,NA,1.453,0.54,12.828,NA,NA,1.521,6.777,0.266,49.221,19.605
"LVA",2007,NA,NA,NA,NA,NA,1.477,0.549,12.662,NA,NA,1.617,6.963,0.294,48.916,19.625
"LVA",2008,NA,NA,NA,NA,2.169,1.53,0.579,13.091,NA,NA,1.604,7.12,0.363,51.725,20.211
"LVA",2009,NA,NA,NA,NA,2.079,1.523,0.448,11.504,NA,NA,1.533,6.866,0.377,48.679,18.37
"LVA",2010,NA,NA,NA,NA,1.937,1.505,0.408,10.562,NA,NA,1.583,6.87,0.399,45.244,17.432
"LVA",2011,NA,NA,NA,NA,1.954,1.474,0.405,10.304,NA,NA,1.529,6.924,0.459,46.746,17.228
"LVA",2012,21.083,1.914,2.29,6.746,1.984,1.463,0.396,9.945,NA,NA,1.569,6.903,0.54,48.778,16.848
"LVA",2013,20.996,1.973,2.251,6.613,2.051,1.476,0.395,9.875,NA,NA,1.689,6.834,0.6,47.543,16.709
"LVA",2014,21.65,2.025,2.474,6.884,2.102,1.416,0.391,9.664,NA,NA,1.722,6.745,0.619,46.596,16.409
"LVA",2015,20.926,2.041,2.293,6.498,2.109,1.435,0.398,9.306,NA,NA,1.786,6.647,0.679,47.249,15.953
"LVA",2016,20.819,2.037,2.157,6.685,2.1,1.427,0.403,9.129,NA,NA,1.841,6.602,0.713,48.219,15.731
"LVA",2017,20.924,2.092,2.135,6.892,2.159,1.394,0.399,8.909,NA,NA,1.867,6.672,0.74,48.889,15.581
"MEX",1993,NA,NA,NA,NA,NA,NA,NA,NA,NA,NA,NA,NA,NA,788.427,NA
"MEX",1994,NA,NA,NA,NA,NA,NA,NA,NA,NA,NA,NA,NA,NA,809.438,NA
"MEX",1995,NA,NA,NA,NA,NA,NA,NA,NA,NA,NA,NA,NA,NA,828.381,NA
"MEX",1996,NA,NA,NA,NA,NA,NA,NA,NA,NA,NA,NA,NA,NA,823.261,NA
"MEX",1997,NA,NA,NA,NA,NA,NA,NA,NA,NA,NA,NA,NA,NA,815.568,NA
"MEX",1998,NA,NA,NA,NA,NA,NA,NA,NA,NA,NA,NA,NA,NA,865.526,NA
"MEX",1999,NA,NA,NA,NA,NA,NA,NA,NA,NA,NA,NA,NA,NA,884.524,NA
"MEX",2000,NA,NA,NA,NA,NA,NA,NA,NA,NA,NA,NA,NA,NA,902.061,NA
"MEX",2001,NA,NA,NA,NA,NA,NA,NA,NA,NA,NA,NA,NA,NA,916.669,NA
"MEX",2002,NA,NA,NA,NA,NA,NA,NA,NA,NA,NA,NA,NA,NA,921.646,NA
"MEX",2003,NA,NA,NA,NA,NA,NA,NA,NA,NA,NA,NA,NA,NA,955.602,NA
"MEX",2004,NA,NA,NA,NA,NA,NA,NA,NA,NA,NA,NA,NA,NA,960.107,NA
"MEX",2005,NA,NA,NA,NA,NA,NA,NA,NA,NA,NA,NA,NA,NA,964.409,NA
"MEX",2006,NA,NA,NA,NA,NA,NA,NA,NA,NA,NA,NA,NA,NA,965.288,NA
"MEX",2007,NA,NA,NA,NA,NA,NA,NA,NA,NA,NA,NA,NA,NA,997.703,NA
"MEX",2008,NA,NA,NA,NA,NA,NA,NA,NA,NA,NA,NA,NA,NA,1008.547,NA
"MEX",2009,NA,NA,NA,NA,NA,NA,NA,NA,NA,NA,NA,NA,NA,1023.673,NA
"MEX",2010,NA,NA,NA,NA,NA,NA,NA,NA,NA,NA,NA,NA,NA,1049.101,NA
"MEX",2011,NA,NA,NA,NA,NA,NA,NA,NA,NA,NA,NA,NA,NA,1065.658,NA
"MEX",2012,733.913,NA,138.524,172.731,NA,NA,NA,NA,NA,NA,NA,NA,NA,1079.566,NA
"MEX",2013,756.6,NA,143.287,175.856,NA,NA,NA,NA,NA,NA,NA,NA,NA,1101.244,NA
"MEX",2014,786.405,NA,147.476,183.211,NA,NA,NA,NA,NA,NA,NA,NA,NA,1106.505,NA
"MEX",2015,795.935,NA,148.875,182.172,NA,NA,NA,NA,NA,NA,NA,NA,NA,1117.027,NA
"MEX",2016,833.015,NA,167.102,180.431,NA,NA,NA,NA,NA,NA,NA,NA,NA,1129.435,NA
"MEX",2017,855.326,NA,173.061,181.224,NA,NA,NA,NA,NA,NA,NA,NA,NA,1147,NA
"NLD",1980,177.097,NA,NA,NA,NA,NA,NA,NA,NA,NA,NA,NA,NA,NA,NA
"NLD",1981,181.297,NA,NA,NA,NA,NA,NA,NA,NA,NA,NA,NA,NA,NA,NA
"NLD",1982,184.959,NA,NA,NA,NA,NA,NA,NA,NA,NA,NA,NA,NA,NA,NA
"NLD",1983,184.941,NA,NA,NA,NA,NA,NA,NA,NA,NA,NA,NA,NA,NA,NA
"NLD",1984,186.76,NA,NA,NA,NA,NA,NA,NA,NA,NA,NA,NA,NA,NA,NA
"NLD",1985,188.957,NA,NA,NA,NA,NA,NA,NA,NA,NA,NA,NA,NA,NA,NA
"NLD",1986,192.461,NA,NA,NA,NA,NA,NA,NA,NA,NA,NA,NA,NA,NA,NA
"NLD",1987,197.444,NA,NA,NA,NA,NA,NA,NA,NA,NA,NA,NA,NA,NA,NA
"NLD",1988,201.39,NA,NA,NA,NA,NA,NA,NA,NA,NA,NA,NA,NA,NA,NA
"NLD",1989,205.201,NA,NA,NA,NA,NA,NA,NA,NA,NA,NA,NA,NA,NA,NA
"NLD",1990,210.19,NA,NA,NA,NA,NA,NA,NA,NA,NA,NA,NA,NA,NA,NA
"NLD",1991,218.19,NA,NA,NA,NA,NA,NA,NA,NA,NA,NA,NA,NA,NA,NA
"NLD",1992,225.038,NA,NA,NA,NA,NA,NA,NA,NA,NA,NA,NA,NA,NA,NA
"NLD",1993,227.853,NA,NA,NA,NA,NA,NA,NA,NA,NA,NA,NA,NA,NA,NA
"NLD",1994,227.765,NA,NA,NA,NA,NA,NA,NA,NA,NA,NA,NA,NA,NA,NA
"NLD",1995,233.036,NA,NA,NA,NA,6.344,NA,NA,NA,NA,NA,NA,NA,876,NA
"NLD",1996,236.952,NA,NA,NA,NA,NA,NA,NA,NA,NA,NA,NA,NA,901,NA
"NLD",1997,242.962,NA,NA,NA,NA,NA,NA,NA,NA,NA,NA,NA,NA,933,NA
"NLD",1998,255.817,NA,NA,NA,NA,NA,NA,NA,NA,NA,NA,NA,NA,967,NA
"NLD",1999,261.026,6.86,52.365,105.988,NA,7.02,1.71,160.53,NA,NA,3.22,37.638,22.53,993,198.168
"NLD",2000,266.469,7.317,53.474,110.213,NA,7.19,1.825,163.915,NA,NA,3.31,38.903,23.61,1006,202.818
"NLD",2001,272.37,10.51,57.195,107.2,NA,7.47,1.94,170.015,NA,NA,3.405,40.355,25.73,1049,210.37
"NLD",2002,231.15,9.493,49.308,88.478,NA,7.59,2.055,175.61,NA,NA,3.555,41.589,26.545,1105,217.199
"NLD",2003,242.8,6.578,52.913,93.928,NA,7.74,2.155,180.34,NA,NA,3.735,42.447,27.085,1152,222.787
"NLD",2004,245.6,9.568,53.387,92.806,NA,7.805,2.285,182.745,NA,NA,3.79,43.111,27.565,1152,225.856
"NLD",2005,240.31,6.841,49.839,98.611,NA,7.97,2.465,185.49,NA,NA,3.87,44.186,28.485,1191,229.676
"NLD",2006,250.92,7.391,50.107,101.558,NA,8.155,2.64,186.495,NA,NA,4.07,45.688,29.46,1225,232.183
"NLD",2007,257.47,7.944,59.775,93.436,NA,8.175,2.765,186.605,NA,NA,4.035,45.763,30.46,1261,232.368
"NLD",2008,268.05,9.872,56.442,103.111,NA,8.295,2.9,191.855,NA,NA,4.095,47.202,31.45,1305,239.057
"NLD",2009,278.27,8.982,59.245,108.232,NA,8.535,3.07,192.82,NA,NA,4.105,48.312,32.635,1341,241.132
"NLD",2010,283.16,11.404,169.115,NA,NA,8.665,3.2,195.43,NA,NA,4.135,49.242,33.535,1394,244.672
"NLD",2011,287.27,10.217,173.199,NA,NA,9.06,3.264,198.849,NA,NA,4.295,52.295,34.905,1420,251.144
"NLD",2012,290.334,17.537,168.79,NA,NA,9.11,3.549,203.261,NA,NA,4.368,54.511,35.68,1436,257.772
"NLD",2013,288.933,19.048,164.708,NA,NA,9.085,3.676,205.514,NA,NA,4.487,55.681,36.315,1427,261.195
"NLD",2014,264.61,17.315,147.567,NA,NA,9.19,NA,NA,NA,NA,3.977,NA,30.65,1397,NA
"NLD",2015,273.8065,16.33581,159.8117,NA,NA,9.595,NA,NA,NA,NA,5.37,NA,31.635,1378,NA
"NLD",2016,255.94076,16.8883,140.22847,NA,NA,9.675,NA,NA,NA,NA,5.49,NA,32.63,1373,NA
"NLD",2017,260.97951,18.55158,141.76093,NA,NA,NA,NA,NA,NA,NA,4.948,NA,32.93,1398,NA
"NOR",1970,NA,NA,NA,NA,NA,NA,NA,NA,NA,NA,NA,NA,NA,112,NA
"NOR",1971,NA,NA,NA,NA,NA,NA,NA,NA,NA,NA,NA,NA,NA,122,NA
"NOR",1972,NA,NA,NA,NA,NA,NA,NA,NA,NA,NA,NA,NA,NA,134,NA
"NOR",1973,NA,NA,NA,NA,NA,NA,NA,NA,NA,NA,NA,NA,NA,143,NA
"NOR",1974,NA,NA,NA,NA,NA,NA,NA,NA,NA,NA,NA,NA,NA,153,NA
"NOR",1975,NA,NA,NA,NA,NA,NA,NA,NA,NA,NA,NA,NA,NA,168,NA
"NOR",1976,NA,NA,NA,NA,NA,NA,NA,NA,NA,NA,NA,NA,NA,184,NA
"NOR",1977,NA,NA,NA,NA,NA,NA,NA,NA,NA,NA,NA,NA,NA,199,NA
"NOR",1978,NA,NA,NA,NA,NA,NA,NA,NA,NA,NA,NA,NA,NA,213,NA
"NOR",1979,NA,NA,NA,NA,NA,NA,NA,NA,NA,NA,NA,NA,NA,226,NA
"NOR",1980,NA,NA,NA,NA,NA,NA,NA,NA,NA,NA,NA,NA,NA,239,NA
"NOR",1981,NA,NA,NA,NA,NA,NA,NA,NA,NA,NA,NA,NA,NA,249,NA
"NOR",1982,NA,NA,NA,NA,NA,NA,NA,NA,NA,NA,NA,NA,NA,248,NA
"NOR",1983,NA,NA,NA,NA,NA,NA,NA,NA,NA,NA,NA,NA,NA,252,NA
"NOR",1984,NA,NA,NA,NA,NA,NA,NA,NA,NA,NA,NA,NA,NA,254,NA
"NOR",1985,NA,NA,NA,NA,NA,NA,NA,NA,NA,NA,NA,NA,NA,258,NA
"NOR",1986,NA,NA,NA,NA,NA,NA,NA,NA,NA,NA,NA,NA,NA,268,NA
"NOR",1987,NA,NA,NA,NA,NA,NA,NA,NA,NA,NA,NA,NA,NA,281,NA
"NOR",1988,NA,NA,NA,NA,NA,NA,NA,NA,NA,NA,NA,NA,NA,291,NA
"NOR",1989,NA,NA,NA,NA,NA,NA,NA,NA,NA,NA,NA,NA,NA,294,NA
"NOR",1990,NA,NA,NA,NA,NA,NA,NA,NA,NA,NA,NA,NA,NA,308,NA
"NOR",1991,NA,NA,NA,NA,NA,NA,NA,NA,NA,NA,NA,NA,4,321,NA
"NOR",1992,NA,NA,NA,NA,NA,NA,NA,NA,NA,NA,NA,NA,NA,333,NA
"NOR",1993,NA,NA,NA,NA,NA,NA,NA,NA,NA,NA,NA,NA,4.29,344,NA
"NOR",1994,NA,NA,NA,NA,NA,NA,NA,NA,NA,NA,NA,NA,4.255,350,NA
"NOR",1995,NA,NA,NA,NA,NA,NA,NA,NA,NA,NA,NA,NA,4.626,363,NA
"NOR",1996,NA,NA,NA,NA,NA,NA,NA,NA,NA,NA,NA,NA,4.566,374,NA
"NOR",1997,NA,NA,NA,NA,NA,NA,NA,NA,NA,NA,NA,NA,4.656,384,NA
"NOR",1998,NA,NA,NA,NA,NA,NA,NA,NA,NA,NA,NA,NA,4.84,394,NA
"NOR",1999,NA,NA,NA,NA,NA,NA,NA,NA,NA,NA,NA,NA,NA,405,NA
"NOR",2000,NA,NA,NA,NA,NA,NA,NA,NA,NA,NA,NA,NA,5.201,412,NA
"NOR",2001,NA,NA,NA,NA,NA,NA,NA,NA,NA,NA,NA,NA,NA,427,NA
"NOR",2002,103.68,11.774,NA,46.165,NA,NA,NA,NA,NA,NA,2.64,NA,8.088,439,NA
"NOR",2003,105.575,11.541,NA,46.432,NA,NA,NA,NA,NA,NA,2.791,NA,8.446,442,NA
"NOR",2004,106.575,11.294,NA,46.585,NA,NA,NA,NA,NA,NA,2.851,NA,8.636,455,NA
"NOR",2005,108.201,10.954,16.293,30.605,NA,NA,NA,NA,NA,NA,2.945,NA,9.109,460,NA
"NOR",2006,107.649,10.059,19.139,27.038,NA,NA,NA,NA,NA,NA,3.126,NA,9.692,475,NA
"NOR",2007,107.132,10.043,19.323,26.192,NA,NA,NA,NA,NA,NA,3.345,NA,10.018,487,NA
"NOR",2008,104.493,9.297,18.685,24.862,92.001,4.662,2.8,90.267,0,90.267,3.579,21.916,10.374,501,112.183
"NOR",2009,112.89,11.686,19.332,27.165,106.679,4.724,2.87,93.499,0,93.499,3.715,22.489,10.623,512,115.988
"NOR",2010,113.073,11.324,19.362,26.662,106.918,4.822,2.871,94.726,0,94.726,3.832,23.248,10.93,520,117.974
"NOR",2011,113.078,11.022,18.93,26.286,108.027,4.888,2.959,96.504,0,96.504,3.959,23.617,11.195,535,120.121
"NOR",2012,109.133,10.65,16.835,25.329,108.758,4.906,3.054,98.709,0,98.709,4.182,24.453,11.348,545,123.162
"NOR",2013,109.345,10.246,16.989,25.013,109.98,5.008,3.078,101.277,0,101.277,4.327,25.156,11.622,554,126.433
"NOR",2014,109.661,10.121,16.439,25.051,110.726,5.037,3.154,103.538,0,103.538,4.536,26.018,11.879,561,129.556
"NOR",2015,112.998,10.31,17.243,24.707,112.202,5.206,3.189,106.051,0,106.051,4.718,26.615,12.354,569,132.666
"NOR",2016,114.158,10.133,17.096,25.541,113.563,5.282,3.247,107.789,0,107.789,5.005,27.378,12.581,576,135.167
"NOR",2017,114.082,9.67,17.131,25.395,114.614,5.33,3.264,109.738,0,109.738,5.168,28.393,12.823,NA,138.131
"NOR",2018,116.313,9.777,17.524,26.435,115.426,5.402,3.241,110.334,0,110.334,5.396,29.294,13.104,NA,139.628
"NZL",1971,NA,NA,NA,NA,NA,NA,NA,NA,NA,NA,NA,3.08,NA,NA,NA
"NZL",1973,NA,NA,NA,NA,NA,NA,NA,NA,NA,NA,NA,3.444,NA,NA,NA
"NZL",1976,NA,NA,NA,NA,NA,NA,NA,NA,NA,NA,NA,4.048,NA,NA,NA
"NZL",1977,NA,NA,NA,NA,NA,NA,NA,NA,NA,NA,NA,4.257,NA,NA,NA
"NZL",1978,NA,NA,NA,NA,NA,NA,NA,NA,NA,NA,NA,4.377,NA,NA,NA
"NZL",1979,NA,NA,NA,NA,NA,NA,NA,NA,NA,NA,NA,4.557,NA,NA,NA
"NZL",1980,NA,NA,NA,NA,NA,1.145,NA,19.195,NA,NA,NA,4.881,NA,NA,24.076
"NZL",1981,NA,NA,NA,NA,NA,NA,NA,20.341,NA,NA,NA,5.037,NA,NA,25.378
"NZL",1982,NA,NA,NA,NA,NA,NA,NA,22.022,NA,NA,NA,5.21,NA,NA,27.232
"NZL",1983,NA,NA,NA,NA,NA,1.142,NA,23.213,NA,NA,NA,5.403,NA,NA,28.616
"NZL",1984,NA,NA,NA,NA,NA,1.148,NA,26.012,NA,NA,NA,5.437,NA,NA,31.449
"NZL",1985,NA,NA,NA,NA,NA,1.176,NA,26.225,NA,NA,NA,5.556,NA,NA,31.781
"NZL",1986,NA,NA,NA,NA,NA,1.204,NA,27.75,NA,NA,NA,5.747,NA,NA,33.497
"NZL",1987,NA,NA,NA,NA,NA,1.219,NA,29.131,NA,NA,NA,6.095,NA,NA,35.226
"NZL",1988,NA,NA,NA,NA,NA,1.233,NA,33.495,NA,NA,NA,6.174,NA,NA,39.669
"NZL",1989,NA,NA,NA,NA,NA,1.215,NA,NA,NA,NA,NA,6.286,NA,NA,NA
"NZL",1990,NA,NA,NA,NA,NA,1.226,NA,31.255,NA,NA,NA,6.339,NA,NA,37.594
"NZL",1991,NA,NA,NA,NA,NA,1.262,NA,32.439,NA,NA,NA,6.575,NA,NA,39.014
"NZL",1992,NA,NA,NA,NA,NA,1.287,NA,31.062,NA,NA,NA,6.722,NA,NA,37.784
"NZL",1993,NA,NA,NA,NA,NA,1.306,NA,33.429,NA,NA,NA,6.872,NA,NA,40.301
"NZL",1994,NA,NA,NA,NA,NA,1.312,NA,34.674,NA,NA,NA,7.18,NA,NA,41.854
"NZL",1995,NA,NA,NA,NA,NA,1.346,NA,35.722,NA,NA,NA,7.53,NA,NA,43.252
"NZL",1996,NA,NA,NA,NA,NA,1.364,NA,36.303,NA,NA,NA,7.634,NA,NA,43.937
"NZL",1997,NA,NA,NA,NA,NA,1.473,NA,34.016,NA,NA,NA,8.224,NA,NA,42.24
"NZL",1998,NA,NA,NA,NA,NA,1.496,NA,36.763,NA,NA,NA,8.491,NA,NA,45.254
"NZL",1999,NA,NA,NA,NA,NA,1.558,NA,36.77,NA,NA,NA,8.616,NA,NA,45.386
"NZL",2000,NA,NA,NA,NA,NA,1.591,NA,36.976,3.911,33.065,NA,8.615,NA,NA,45.591
"NZL",2001,NA,NA,NA,NA,NA,1.601,NA,37.303,3.736,33.567,NA,8.491,NA,NA,45.794
"NZL",2002,NA,NA,NA,NA,NA,1.552,NA,37.097,3.706,33.391,NA,8.403,NA,NA,45.5
"NZL",2003,NA,NA,NA,NA,NA,1.582,NA,36.514,3.738,32.776,NA,8.79,NA,NA,45.304
"NZL",2004,NA,NA,NA,NA,NA,1.571,NA,38.484,3.7,34.784,NA,8.991,NA,NA,47.475
"NZL",2005,NA,NA,NA,NA,NA,1.638,NA,40.13,3.715,36.415,2.787,8.746,3.48,NA,48.876
"NZL",2006,NA,NA,NA,NA,NA,1.709,2.358,39.854,3.37,36.484,2.801,9.547,3.62,NA,49.401
"NZL",2007,NA,NA,NA,NA,NA,1.877,2.511,41.913,3.276,38.637,2.889,9.757,3.847,NA,51.67
"NZL",2008,NA,NA,NA,NA,NA,1.915,2.471,44.762,3.367,41.395,2.978,10.552,4.016,NA,55.314
"NZL",2009,NA,NA,NA,NA,NA,1.932,2.547,44.578,3.109,41.469,3.076,11.164,4.166,NA,55.742
"NZL",2010,NA,3.341,12.948,13.619,NA,NA,2.639,47.384,3.127,44.257,3.18,11.478,4.195,NA,58.862
"NZL",2011,NA,3.397,13.189,13.385,NA,NA,2.586,47.345,3.133,44.212,3.223,11.688,4.202,NA,59.033
"NZL",2012,NA,3.437,13.573,13.695,NA,NA,2.765,47.428,2.915,44.513,3.304,12.017,4.274,NA,59.445
"NZL",2013,NA,3.512,14.004,13.265,NA,NA,2.627,47.993,2.864,45.129,3.351,12.621,4.361,244.8,60.614
"NZL",2014,NA,3.56,14.139,13.423,NA,NA,2.823,48.916,2.783,46.133,3.406,13.11,4.514,250.3,62.026
"NZL",2015,NA,3.591,14.596,13.723,NA,NA,2.858,50.495,2.698,47.797,3.502,14.061,4.703,255.2,64.556
"NZL",2016,NA,3.767,14.712,13.732,NA,NA,2.951,51.607,2.525,49.082,3.577,14.754,4.909,NA,66.361
"NZL",2017,NA,3.802,14.924,14.16,NA,NA,2.929,52.255,2.534,49.721,3.718,15.739,5.113,NA,67.994
"NZL",2018,NA,4.012,15.155,14.64,NA,NA,2.991,53.595,2.488,51.107,3.787,16.318,NA,NA,69.913
"POL",1980,NA,NA,NA,NA,NA,NA,NA,NA,NA,NA,NA,NA,6.539,NA,NA
"POL",1988,NA,NA,NA,NA,NA,NA,NA,NA,NA,NA,NA,NA,7.695,NA,NA
"POL",1990,NA,NA,NA,NA,NA,NA,NA,NA,NA,NA,NA,NA,8.929,NA,NA
"POL",1991,NA,NA,NA,NA,NA,NA,NA,NA,NA,NA,NA,NA,9.016,NA,NA
"POL",1992,NA,NA,NA,NA,NA,NA,NA,NA,NA,NA,NA,NA,8.956,NA,NA
"POL",1993,NA,NA,NA,NA,NA,NA,NA,NA,NA,NA,NA,NA,9.249,NA,NA
"POL",1994,NA,NA,NA,NA,NA,NA,NA,NA,NA,NA,NA,NA,9.739,NA,NA
"POL",1995,NA,NA,NA,NA,NA,NA,NA,NA,NA,NA,NA,NA,9.983,NA,NA
"POL",1996,NA,NA,NA,NA,NA,NA,NA,NA,NA,NA,NA,NA,10.433,NA,NA
"POL",1997,NA,NA,NA,NA,NA,NA,NA,NA,NA,NA,NA,NA,11.051,NA,NA
"POL",1998,NA,NA,NA,NA,NA,NA,NA,NA,NA,NA,NA,NA,10.698,NA,NA
"POL",1999,NA,NA,NA,NA,NA,NA,NA,NA,NA,NA,NA,NA,9.963,NA,NA
"POL",2000,NA,NA,NA,NA,NA,NA,NA,NA,NA,NA,NA,NA,11.085,887.5,NA
"POL",2001,NA,NA,NA,NA,NA,NA,NA,NA,NA,NA,NA,NA,13.479,793.6,NA
"POL",2002,NA,NA,NA,NA,NA,NA,NA,NA,NA,NA,NA,NA,13.871,807.3,NA
"POL",2003,NA,NA,NA,NA,NA,NA,NA,NA,NA,NA,NA,NA,14.052,827.3,NA
"POL",2004,NA,NA,NA,NA,NA,NA,22.202,189.916,0,189.916,23.33,NA,15.971,796.2,NA
"POL",2005,NA,NA,NA,NA,NA,13.275,21.428,194.205,0,194.205,23.214,90.201,16.213,795.2,284.406
"POL",2006,NA,NA,NA,NA,NA,13.58,21.234,195.194,0,195.194,23.558,90.754,18.049,839.5,285.948
"POL",2007,NA,NA,NA,NA,NA,14.354,21.901,198.292,0,198.292,24.132,91.016,18.99,835.2,289.308
"POL",2008,NA,NA,NA,NA,NA,14.092,22.459,198.368,0,198.368,23.65,90.461,21.837,853.8,288.829
"POL",2009,NA,NA,NA,NA,NA,12.894,22.432,201.291,0,201.291,25.083,88.58,22.699,878.5,289.871
"POL",2010,NA,NA,NA,NA,NA,13.6,22.674,201.718,0,201.718,26.226,91.021,21.47,900.1,292.739
"POL",2011,NA,NA,NA,NA,NA,14.103,22.805,202.016,0,202.016,27.338,92.247,21.975,888.5,294.263
"POL",2012,NA,NA,NA,NA,NA,13.549,NA,NA,NA,NA,27.839,92.817,22.665,903.8,NA
"POL",2013,NA,NA,NA,NA,NA,13.295,22.985,201.777,0,201.777,28.363,92.203,23.126,938,293.98
"POL",2014,NA,NA,NA,NA,NA,14.149,22.533,200.484,0,200.484,28.753,95.482,24.594,933.6,295.966
"POL",2015,NA,NA,NA,NA,NA,13.307,22.571,198.248,0,198.248,28.712,93.587,25.145,943.8,291.835
"POL",2016,NA,NA,NA,NA,NA,14.405,23.068,197.228,0,197.228,30.281,99.836,26.003,964.8,297.064
"POL",2017,NA,NA,NA,NA,NA,14.346,22.936,195.146,0,195.146,30.228,97.835,26.495,978.4,292.981
"PRT",1985,69.469,NA,21.709,31.5,NA,NA,NA,NA,NA,NA,NA,NA,NA,NA,NA
"PRT",1986,70.303,NA,23.209,32.524,NA,NA,NA,NA,NA,NA,NA,NA,NA,NA,NA
"PRT",1987,71.152,NA,24.065,33.604,NA,NA,NA,NA,NA,NA,NA,NA,NA,NA,NA
"PRT",1988,73.48,NA,24.661,34.682,NA,NA,NA,NA,NA,NA,NA,NA,NA,NA,NA
"PRT",1989,76.772,NA,25.748,36.344,NA,NA,NA,NA,NA,NA,NA,NA,NA,NA,NA
"PRT",1990,79.781,NA,26.458,37.595,NA,NA,NA,NA,NA,NA,NA,NA,NA,NA,NA
"PRT",1991,82.595,NA,28.218,38.354,NA,NA,NA,NA,NA,NA,NA,NA,NA,NA,NA
"PRT",1992,84.22,NA,28.392,39.213,NA,NA,NA,NA,NA,NA,NA,NA,NA,NA,NA
"PRT",1993,83.402,NA,29.808,36.823,NA,NA,NA,NA,NA,NA,NA,NA,NA,NA,NA
"PRT",1994,88.528,NA,31.707,39.183,NA,NA,NA,NA,NA,NA,NA,NA,NA,NA,NA
"PRT",1995,90.388,NA,32.763,39.967,NA,NA,NA,NA,NA,NA,NA,NA,NA,241.618,NA
"PRT",1996,95.358,NA,34.524,41.878,NA,NA,NA,NA,NA,NA,NA,NA,NA,248.366,NA
"PRT",1997,103.797,NA,37.958,46.854,NA,NA,NA,NA,NA,NA,NA,NA,NA,250.786,NA
"PRT",1998,102.572,NA,37.969,45.668,NA,NA,NA,NA,NA,NA,NA,NA,NA,260.63,NA
"PRT",1999,106.335,24.79,7.802,26.262,NA,NA,NA,NA,NA,NA,7.114,NA,0.98,276.186,NA
"PRT",2000,109.564,26.584,7.947,26.161,NA,NA,NA,NA,NA,NA,7.293,NA,1.048,284.304,NA
"PRT",2001,109.958,28.124,8.124,25.366,NA,NA,NA,NA,NA,NA,7.59,NA,1.068,289.111,NA
"PRT",2002,112.326,28.307,8.422,25.547,NA,NA,NA,NA,NA,NA,7.962,NA,1.1,301.958,NA
"PRT",2003,114.756,28.656,8.902,27.771,NA,NA,NA,NA,NA,NA,8.636,NA,1.122,303.442,NA
"PRT",2004,115.555,28.958,8.83,26.102,NA,NA,1.512,44.272,0,44.272,9.071,NA,1.152,308.395,NA
"PRT",2005,118.332,29.009,9.044,27.327,NA,NA,1.637,46.518,0,46.518,9.494,NA,1.217,314.919,NA
"PRT",2006,116.855,27.907,9.167,26.447,NA,NA,1.694,49.261,0,49.261,10.091,NA,1.218,317.086,NA
"PRT",2007,119.423,31.141,9.396,25.772,NA,NA,1.895,52.184,0,52.184,10.117,NA,1.274,319.798,NA
"PRT",2008,120.103,30.08,9.662,26.296,NA,NA,2.029,54.68,0,54.68,10.729,NA,1.353,330.56,NA
"PRT",2009,123.31,31.202,9.967,24.916,NA,NA,2.171,57.43,0,57.43,11.347,NA,1.37,340.864,NA
"PRT",2010,127.48,31.334,10.17,25.388,NA,NA,2.327,60.106,0,60.106,10.895,NA,1.441,343.673,NA
"PRT",2011,119.815,27.446,9.883,24.857,NA,NA,2.377,62.101,0,62.101,11.887,NA,1.385,350.157,NA
"PRT",2012,121.116,26.735,10.235,25.234,NA,NA,2.448,62.956,0,62.956,10.98,NA,1.447,349.58,NA
"PRT",2013,120.563,28.676,10.087,22.903,NA,NA,2.493,63.316,0,63.316,NA,NA,1.308,350.998,NA
"PRT",2014,118.341,27.975,10.054,21.887,NA,NA,2.548,63.792,0,63.792,11.762,NA,1.262,358.629,NA
"PRT",2015,122.277,28.946,10.273,22.346,NA,NA,2.595,65.135,0,65.135,12.119,NA,1.332,365.364,NA
"PRT",2016,126.735,29.44,10.626,22.846,NA,NA,2.69,66.796,0,66.796,12.486,NA,1.371,379.434,NA
"PRT",2017,130.539,29.845,11.043,23.414,NA,NA,2.782,68.976,0,68.976,13.008,NA,1.433,393.079,NA
"SVK",1995,NA,NA,NA,NA,NA,NA,NA,NA,NA,NA,NA,NA,NA,132.345,NA
"SVK",1996,NA,NA,NA,NA,NA,NA,NA,NA,NA,NA,NA,NA,NA,129.09,NA
"SVK",1997,NA,NA,NA,NA,NA,NA,NA,NA,NA,NA,NA,NA,NA,129.722,NA
"SVK",1998,NA,NA,NA,NA,NA,NA,NA,39.862,0,39.862,NA,NA,NA,132.529,NA
"SVK",1999,NA,NA,NA,NA,NA,NA,NA,39.026,0,39.026,NA,17.916,NA,136.719,56.942
"SVK",2000,NA,NA,NA,NA,NA,NA,NA,40.077,0,40.077,NA,18.074,NA,138.907,58.151
"SVK",2001,NA,NA,NA,NA,NA,NA,NA,39.073,0,39.073,NA,18.022,NA,140.567,57.095
"SVK",2002,NA,NA,NA,NA,NA,NA,1.087,37.265,0,37.265,NA,17.886,NA,140.409,55.151
"SVK",2003,NA,NA,NA,NA,NA,NA,1.456,35.113,0,35.113,NA,17.663,NA,139.216,52.776
"SVK",2004,NA,NA,NA,NA,NA,NA,1.739,34.007,0,34.007,NA,17.851,NA,131.569,51.858
"SVK",2005,NA,NA,NA,NA,NA,2.919,1.719,32.319,0,32.319,2.686,16.318,NA,122.414,48.637
"SVK",2006,NA,NA,NA,NA,NA,2.714,1.552,32.568,0,32.568,3.032,17.04,NA,121.732,49.608
"SVK",2007,NA,NA,NA,NA,NA,2.862,1.659,34.04,0,34.04,3.241,18.219,NA,126.76,52.259
"SVK",2008,NA,NA,NA,NA,NA,2.745,1.761,33.778,0,33.778,2.777,18.121,NA,127.911,51.899
"SVK",2009,NA,NA,NA,NA,10.576,2.633,1.769,32.708,0,32.708,2.917,17.798,1.642,121.97,50.506
"SVK",2010,NA,NA,NA,NA,10.09,2.663,1.874,32.745,0,32.745,3.267,18.11,1.73,123.295,50.855
"SVK",2011,NA,NA,NA,NA,10.297,2.618,1.837,32.043,0,32.043,3.382,17.849,1.703,124.994,49.892
"SVK",2012,NA,NA,NA,NA,9.749,2.665,1.765,31.478,0,31.478,3.522,18.193,1.709,124.625,49.671
"SVK",2013,NA,NA,NA,NA,8.928,2.586,1.775,31.128,0,31.128,3.333,18.355,1.726,123.989,49.483
"SVK",2014,NA,NA,NA,NA,8.894,2.642,1.795,31.166,0,31.166,3.644,18.574,1.818,128.973,49.74
"SVK",2015,NA,NA,NA,NA,10.019,2.647,1.76,30.904,0,30.904,3.826,18.719,1.901,130.858,49.623
"SVK",2016,NA,NA,NA,NA,11.554,2.701,1.834,31.183,0,31.183,4.183,18.864,1.905,134.583,50.047
"SVK",2017,NA,NA,NA,NA,9.826,2.723,1.736,30.732,0,30.732,4.243,18.608,1.833,137.107,49.34
"SVN",1980,NA,NA,NA,NA,NA,0.865,NA,NA,NA,NA,0.632,3.358,0.611,NA,NA
"SVN",1985,NA,NA,NA,NA,NA,1.025,NA,9.582,6.722,2.86,0.818,3.712,NA,NA,13.294
"SVN",1986,NA,NA,NA,NA,NA,1.064,NA,10.021,7.019,3.002,0.855,3.837,0.811,NA,13.858
"SVN",1987,NA,NA,NA,NA,NA,1.091,NA,10.229,7.174,3.055,0.91,3.997,0.844,NA,14.226
"SVN",1988,NA,NA,NA,NA,NA,1.11,NA,10.33,7.215,3.115,0.962,4.04,0.806,NA,14.37
"SVN",1989,NA,NA,NA,NA,NA,1.137,NA,10.362,7.289,3.073,0.629,4.119,0.723,NA,14.481
"SVN",1990,NA,NA,NA,NA,NA,1.127,NA,10.767,7.601,3.166,0.652,4.11,0.748,NA,14.877
"SVN",1991,NA,NA,NA,NA,NA,1.054,NA,11.996,8.9,3.096,NA,4.155,NA,NA,16.151
"SVN",1992,NA,NA,NA,NA,NA,1.053,NA,11.997,8.805,3.192,NA,4.169,NA,NA,16.166
"SVN",1993,NA,NA,NA,NA,NA,0.967,NA,11.739,8.766,2.973,0.715,4.039,0.75,NA,15.778
"SVN",1994,NA,NA,NA,NA,NA,1.055,NA,11.889,8.91,2.979,0.979,4.356,0.8,NA,16.245
"SVN",1995,NA,NA,NA,NA,NA,1.264,NA,12.705,9.644,3.061,0.971,4.216,0.842,43.11266,16.921
"SVN",1996,NA,NA,NA,NA,NA,1.128,NA,13.051,9.953,3.098,1.042,4.251,0.858,42.82692,17.302
"SVN",1997,NA,NA,NA,NA,NA,1.165,NA,13.313,10.126,3.187,1.055,4.436,0.86,42.66701,17.749
"SVN",1998,NA,NA,NA,NA,NA,1.201,NA,13.46,10.322,3.138,0.887,4.501,0.892,42.42746,17.961
"SVN",1999,NA,NA,NA,NA,NA,1.199,NA,13.779,10.57,3.209,0.917,4.486,0.904,43.8331,18.265
"SVN",2000,18.071,0.879,1.807,5.5,2.588,1.188,NA,13.934,10.713,3.221,1.079,4.483,0.867,44.01257,18.417
"SVN",2001,17.953,0.507,1.875,5.426,2.113,1.209,NA,14.485,11.146,3.339,1.215,4.526,0.863,44.81923,19.011
"SVN",2002,18.421,0.609,1.916,5.473,2.257,1.231,NA,14.54,11.136,3.404,1.255,4.636,0.844,46.02835,19.176
"SVN",2003,18.715,0.693,1.987,5.496,2.45,1.233,0.035,14.957,11.5,3.457,1.172,4.671,0.983,46.9877,19.628
"SVN",2004,18.842,0.57,1.89,5.589,2.543,1.226,0.049,15.046,11.512,3.534,1.381,4.767,0.954,48.15644,19.813
"SVN",2005,19.445,0.599,1.986,5.8,2.606,1.231,0.065,15.221,11.552,3.669,1.41,4.873,0.996,49.48783,20.094
"SVN",2006,19.644,0.586,2.002,5.892,2.444,1.238,0.077,15.505,11.701,3.804,1.521,4.91,0.986,50.21928,20.415
"SVN",2007,19.916,0.659,2.045,5.86,3.124,1.269,0.082,15.897,11.972,3.925,1.564,4.981,0.982,51.01826,20.878
"SVN",2008,20.033,0.657,2.063,5.913,3.088,1.25,0.095,16.249,12.192,4.057,1.545,5.015,1.007,52.37325,21.264
"SVN",2009,20.375,0.686,2.096,5.952,3.288,1.272,0.098,16.685,12.396,4.289,1.682,5.069,1.012,53.61655,21.754
"SVN",2010,20.616,0.669,2.12,5.905,3.351,1.298,0.108,17.112,12.631,4.481,1.755,5.132,1.019,54.79785,22.244
"SVN",2011,20.76,0.669,2.133,5.887,3.211,1.319,0.114,17.453,12.814,4.639,1.808,5.272,1.014,55.89838,22.725
"SVN",2012,21.123,0.916,2.166,6.28,3.822,1.328,0.119,17.041,12.384,4.657,1.52,5.425,1.016,57.45317,22.466
"SVN",2013,20.552,0.511,2.069,6.078,4.2,1.37,0.13,17.388,12.484,4.904,1.555,5.62,1.079,57.68116,23.008
"SVN",2014,21.531,0.621,2.231,6.138,4.016,1.37,0.145,17.901,12.766,5.135,1.352,5.76,1.132,58.14806,23.661
"SVN",2015,22.233,0.611,2.229,6.777,3.836,1.415,0.16,18.382,12.917,5.465,1.411,5.947,1.163,59.38061,24.329
"SVN",2016,21.923,0.252,2.534,5.005,1.783,1.444,0.186,20.249,13.775,6.474,1.472,6.346,1.27,61.71021,26.595
"SVN",2017,22.919,0.244,3.162,5.538,2.082,1.486,0.211,20.834,14.068,6.766,1.537,6.53,1.33,63.75901,27.364
"SWE",1993,NA,NA,NA,NA,NA,NA,NA,NA,NA,NA,NA,NA,NA,665,NA
"SWE",1994,NA,NA,NA,NA,NA,NA,NA,NA,NA,NA,NA,NA,NA,663,NA
"SWE",1995,NA,NA,NA,NA,NA,7.918,5.782,85.606,NA,85.606,NA,26.377,8.243,686,111.983
"SWE",1996,NA,NA,NA,NA,NA,7.797,5.935,86.338,NA,86.338,NA,26.912,8.347,684,113.25
"SWE",1997,NA,NA,NA,NA,NA,7.625,5.951,85.996,NA,85.996,NA,27.021,8.458,680,113.017
"SWE",1998,NA,NA,NA,NA,NA,7.582,6.133,88,NA,88,NA,27.641,8.996,689,115.641
"SWE",1999,NA,NA,NA,NA,NA,7.576,6.228,89.16,NA,89.16,5.896,28.02,9.257,703,117.18
"SWE",2000,NA,NA,NA,NA,NA,7.504,6.225,90.322,NA,90.322,6.505,28.768,9.441,717,119.09
"SWE",2001,NA,NA,NA,NA,NA,7.506,6.381,91.96,NA,91.96,6.611,29.682,9.639,717,121.642
"SWE",2002,NA,NA,NA,NA,NA,7.604,6.473,94.452,NA,94.452,6.708,30.697,9.965,733,125.149
"SWE",2003,NA,NA,NA,NA,NA,7.605,6.543,96.021,NA,96.021,6.79,31.452,10.249,731,127.473
"SWE",2004,NA,NA,NA,NA,NA,7.761,6.712,98.658,NA,98.658,6.971,32.643,10.589,734,131.301
"SWE",2005,NA,NA,NA,NA,NA,7.726,6.77,100.848,NA,100.848,7.034,33.349,10.85,734,134.197
"SWE",2006,NA,NA,NA,NA,NA,7.794,6.851,102.847,NA,102.847,7.117,34.301,11.177,733,137.148
"SWE",2007,NA,NA,NA,NA,NA,7.831,6.92,104.754,NA,104.754,7.331,35.374,11.282,744,140.128
"SWE",2008,NA,NA,NA,NA,NA,7.754,6.996,105.778,NA,105.778,7.359,36.177,11.496,746,141.955
"SWE",2009,NA,NA,NA,NA,NA,7.769,7.122,106.88,NA,106.88,7.283,37.229,11.571,742,144.109
"SWE",2010,NA,NA,NA,NA,NA,7.867,7.241,108.326,NA,108.326,7.526,38.311,11.83,739,146.637
"SWE",2011,NA,NA,NA,NA,NA,7.999,7.288,109.47,NA,109.47,7.716,39.429,11.975,754,148.899
"SWE",2012,NA,NA,NA,NA,NA,8.11,7.445,110.585,NA,110.585,7.808,40.659,12.214,752,151.244
"SWE",2013,NA,NA,NA,NA,NA,8.126,7.514,111.8,NA,111.8,7.811,41.778,12.433,763,153.578
"SWE",2014,NA,NA,NA,NA,NA,8.155,7.581,112.868,NA,112.868,7.94,42.937,12.762,780,155.805
"SWE",2015,NA,NA,NA,NA,NA,8.224,7.66,112.777,NA,112.777,8.076,44.077,13.031,810,156.854
"SWE",2016,NA,NA,NA,NA,NA,8.523,7.807,114.055,NA,114.055,8.252,42.861,13.341,846,156.916
"SWE",2017,NA,NA,NA,NA,NA,NA,NA,NA,NA,NA,NA,NA,NA,864,NA
"TUR",1970,NA,NA,NA,NA,NA,NA,NA,NA,NA,NA,NA,13.843,NA,NA,NA
"TUR",1971,NA,NA,NA,NA,NA,NA,NA,NA,NA,NA,NA,16.514,NA,NA,NA
"TUR",1972,NA,NA,NA,NA,NA,NA,NA,NA,NA,NA,NA,17.034,NA,NA,NA
"TUR",1973,NA,NA,NA,NA,NA,NA,NA,NA,NA,NA,NA,18.511,NA,NA,NA
"TUR",1974,NA,NA,NA,NA,NA,NA,NA,NA,NA,NA,NA,20.868,NA,NA,NA
"TUR",1975,NA,NA,NA,NA,NA,NA,NA,NA,NA,NA,NA,21.714,NA,NA,NA
"TUR",1976,NA,NA,NA,NA,NA,NA,NA,NA,NA,NA,NA,22.588,NA,NA,NA
"TUR",1977,NA,NA,NA,NA,NA,NA,NA,NA,NA,NA,NA,23.92,NA,NA,NA
"TUR",1978,NA,NA,NA,NA,NA,NA,NA,NA,NA,NA,NA,25.23,NA,NA,NA
"TUR",1979,NA,NA,NA,NA,NA,NA,NA,NA,NA,NA,NA,26.298,NA,NA,NA
"TUR",1980,NA,NA,NA,NA,NA,7.077,NA,NA,NA,NA,12.039,27.241,NA,NA,NA
"TUR",1981,NA,NA,NA,NA,NA,7.186,NA,NA,NA,NA,11.61,28.411,NA,NA,NA
"TUR",1982,NA,NA,NA,NA,NA,7.525,NA,NA,NA,NA,11.428,30.956,NA,NA,NA
"TUR",1983,NA,NA,NA,NA,NA,7.763,NA,NA,NA,NA,11.527,32.263,NA,NA,NA
"TUR",1984,NA,NA,NA,NA,NA,8.133,NA,NA,NA,NA,11.586,34.195,NA,NA,NA
"TUR",1985,NA,NA,NA,NA,NA,8.305,NA,NA,NA,NA,12.202,36.427,NA,NA,NA
"TUR",1986,NA,NA,NA,NA,NA,8.41,NA,NA,NA,NA,12.698,37.442,NA,NA,NA
"TUR",1987,NA,NA,NA,NA,NA,8.589,NA,NA,NA,NA,13.668,38.829,NA,NA,NA
"TUR",1988,NA,NA,NA,NA,NA,9.639,NA,NA,NA,NA,14.567,42.502,NA,NA,NA
"TUR",1989,NA,NA,NA,NA,NA,10.132,NA,NA,NA,NA,15.201,46.708,NA,NA,NA
"TUR",1990,NA,NA,NA,NA,NA,10.514,NA,NA,NA,NA,15.792,50.639,NA,NA,NA
"TUR",1991,NA,NA,NA,NA,NA,10.623,NA,NA,NA,NA,16.002,54.485,NA,NA,NA
"TUR",1992,NA,NA,NA,NA,NA,10.703,NA,NA,NA,NA,16.593,56.985,NA,NA,NA
"TUR",1993,NA,NA,NA,NA,NA,11.069,36.146,54.213,0,54.213,17.696,61.05,NA,NA,115.263
"TUR",1994,NA,NA,NA,NA,NA,11.457,35.604,56.289,0,56.289,18.366,65.832,NA,NA,122.121
"TUR",1995,NA,NA,NA,NA,NA,11.532,39.512,62.196,0,62.196,18.974,67.828,NA,NA,130.024
"TUR",1996,NA,NA,NA,NA,NA,12.155,38.854,62.472,0,62.472,19.55,69.118,NA,NA,131.59
"TUR",1997,NA,NA,NA,NA,NA,12.484,40.329,65.135,0,65.135,20.406,71.545,NA,NA,136.68
"TUR",1998,NA,NA,NA,NA,NA,13.124,41.008,67.514,0,67.514,21.294,75.088,NA,NA,142.602
"TUR",1999,NA,NA,NA,NA,NA,13.975,41.313,68.42,0,68.42,21.949,79.658,NA,NA,148.078
"TUR",2000,NA,0,39.377,NA,NA,15.906,41.594,69.55,0,69.55,21.927,85.242,NA,NA,154.792
"TUR",2001,NA,0,41.01,NA,NA,16.075,41.691,72.607,0,72.607,22.119,89.804,NA,NA,162.411
"TUR",2002,NA,0,44.332,NA,NA,16.371,41.479,72.393,0,72.393,22.289,91.949,NA,NA,164.342
"TUR",2003,NA,0,46.003,NA,NA,17.744,41.662,74.483,0,74.483,22.371,94.466,NA,NA,168.949
"TUR",2004,NA,0,50.328,NA,NA,17.893,43.229,75.753,0,75.753,22.608,97.11,NA,NA,172.863
"TUR",2005,NA,0,47.325,NA,NA,18.149,43.541,78.182,0,78.182,22.756,100.853,0.945,NA,179.035
"TUR",2006,NA,0,53.947,NA,NA,18.332,44.483,82.626,0,82.626,23.14,104.475,1.124,NA,187.101
"TUR",2007,NA,0,63.078,NA,NA,19.278,47.175,94.661,0,94.661,23.977,108.402,1.703,NA,203.063
"TUR",2008,NA,0,67.933,NA,NA,19.959,47.673,99.91,0,99.91,24.778,113.151,2.136,NA,213.061
"TUR",2009,NA,0,68.125,NA,NA,20.589,49.357,105.176,0,105.176,25.201,118.641,2.102,590.65,223.817
"TUR",2010,NA,0,71.995,NA,NA,21.432,50.343,114.772,0,114.772,26.506,123.447,2.111,590.375,238.219
"TUR",2011,517.324,0,87.308,189.456,NA,21.099,51.905,124.982,0,124.982,26.089,126.029,2.305,692.675,251.011
"TUR",2012,545.842,0,102.312,190.009,NA,21.404,53.466,134.906,0,134.906,26.571,129.772,2.648,807.95,264.678
"TUR",2013,628.61,0,102.045,272.474,NA,22.295,53.427,139.544,0,139.544,27.012,133.775,2.975,858.125,273.319
"TUR",2014,655.128,0,106.977,287.96,NA,22.996,52.838,142.432,0,142.432,27.199,135.616,3.184,973.775,278.048
"TUR",2015,685.769,0,112.517,300.066,NA,24.834,53.086,152.803,0,152.803,27.53,141.259,3.564,1055.95,294.062
"TUR",2016,678.501,0,106.754,295.845,NA,26.674,52.456,152.952,0,152.952,27.864,144.827,3.875,1123.125,297.779
"TUR",2017,724.783,0,117.113,312.595,NA,27.889,53.741,166.142,0,166.142,28.512,149.997,4.378,1186.6,316.139
"USA",1980,NA,NA,NA,NA,NA,NA,NA,NA,NA,1272.9,NA,NA,NA,NA,NA
"USA",1981,NA,NA,NA,NA,NA,NA,NA,NA,NA,1326.7,NA,NA,NA,NA,NA
"USA",1982,NA,NA,NA,NA,NA,NA,NA,NA,NA,1379.3,NA,NA,NA,NA,NA
"USA",1983,NA,NA,NA,NA,NA,NA,NA,NA,NA,1436.1,NA,NA,NA,NA,NA
"USA",1984,NA,NA,NA,NA,NA,NA,NA,NA,NA,1485.7,NA,NA,NA,NA,NA
"USA",1985,NA,NA,NA,NA,NA,NA,NA,NA,NA,1538.1,NA,NA,NA,NA,NA
"USA",1986,NA,NA,NA,NA,NA,NA,NA,NA,NA,1589.6,NA,NA,NA,NA,NA
"USA",1987,NA,NA,NA,NA,NA,NA,NA,NA,NA,1627,NA,NA,NA,NA,NA
"USA",1988,NA,NA,NA,NA,NA,NA,NA,NA,NA,1678.7,NA,NA,NA,NA,NA
"USA",1989,NA,NA,NA,NA,NA,NA,NA,NA,NA,1730.9,NA,NA,NA,NA,NA
"USA",1990,NA,NA,NA,NA,NA,NA,NA,NA,NA,1789.6,NA,NA,NA,NA,NA
"USA",1991,4835.33,422.806,1062.259,1852.751,NA,NA,NA,NA,NA,1853,NA,NA,NA,NA,NA
"USA",1992,4920.689,406.995,1071.212,1935.83,NA,NA,NA,NA,NA,1907.1,NA,NA,NA,NA,NA
"USA",1993,4978.248,403.933,1104.569,1941.845,NA,NA,NA,NA,NA,1975.8,NA,591.017,NA,NA,NA
"USA",1994,4979.391,NA,13.684,3411.928,NA,NA,NA,NA,NA,2044,NA,605.468,NA,NA,NA
"USA",1995,4994.998,NA,13.381,3419.774,NA,NA,NA,NA,NA,2115.8,NA,625.443,NA,NA,NA
"USA",1996,5000.407,NA,12.233,3429.151,NA,NA,NA,NA,NA,2137.13,NA,643.955,NA,NA,NA
"USA",1997,5090.814,NA,13.489,3497.832,NA,NA,NA,NA,NA,2158.48,NA,664.556,NA,NA,NA
"USA",1998,5170.244,NA,12.189,3542.78,NA,NA,NA,NA,NA,2180.04,NA,667,NA,NA,NA
"USA",1999,5121.061,NA,10.926,3497.775,NA,NA,NA,2893.94,688.51,2205.43,226.3,669.949,NA,NA,3563.889
"USA",2000,5244.373,NA,11.582,3600.505,NA,NA,NA,2869.14,679.47,2189.67,212.66,692.368,NA,14933,3561.508
"USA",2001,5305.63,NA,12.194,3658.812,NA,163.4,NA,2901.78,683.79,2217.99,223.63,713.375,126.45,15313,3615.155
"USA",2002,5399.25,NA,10.987,3712.381,NA,165.7,NA,2931.82,692.29,2239.53,219.39,719.431,130.29,15900,3651.251
"USA",2003,5462.851,NA,15.12,3435.961,NA,167.5,NA,2929.02,682.59,2246.43,215.03,736.211,134.97,16434,3665.231
"USA",2004,5511.72,NA,14.845,3432.241,NA,169.8,NA,3014.71,702.74,2311.97,222.96,744.143,142.94,16661,3758.853
"USA",2005,5624.716,NA,15.27,3482.043,NA,171.6,NA,3078.09,710.02,2368.07,229.74,762.438,151.28,16910,3840.528
"USA",2006,5767.457,NA,367.11,3088.826,NA,172.6,NA,3137.53,720.38,2417.15,239.92,766.836,156.1,17416,3904.366
"USA",2007,5890.416,NA,491.157,3015.339,NA,176.1,NA,3187.58,719.24,2468.34,253.11,776.554,161.85,17834,3964.134
"USA",2008,5993.384,NA,518.379,3032.778,NA,178.4,NA,3273.26,730.5,2542.76,266.41,784.199,167.3,18233,4057.459
"USA",2009,6046.115,NA,530.216,3026.61,NA,181.4,NA,3312.44,728.67,2583.77,267.86,792.805,174.49,18632,4105.245
"USA",2010,6053.922,NA,544.595,2994.669,NA,183.2,NA,3385.31,730.29,2655.02,268.03,794.862,180.28,18907,4180.172
"USA",2011,6074.386,NA,554.287,2993.413,NA,186.1,NA,3453.71,729.14,2724.57,272.32,809.492,185.44,18903,4263.202
"USA",2012,6147.198,NA,559.161,2999.623,NA,188.9,NA,3498.45,718.8,2779.65,281.56,826.001,191.46,19407,4324.451
"USA",2013,6182.566,NA,573.881,2986.638,NA,191.4,NA,3521.35,705.2,2816.15,287.42,854.698,195.67,19562,4376.048
"USA",2014,6210.602,NA,582.971,2963.342,NA,192.3,NA,3558.92,695.61,2863.31,290.78,864.721,200.67,19576,4423.641
"USA",2015,6299.019,NA,597.695,2971.502,NA,195.8,NA,3626.06,697.25,2928.81,295.62,870.9,209.69,20076,4496.96
"USA",2016,6500.431,NA,615.204,3072.502,NA,196.5,NA,3755.94,702.4,3053.54,305.51,878.962,216.92,20589,4634.902
"USA",2017,NA,NA,NA,NA,NA,198.5,NA,3824.97,702.7,3122.27,309.33,891.734,225.42,NA,4716.704
"USA",2018,NA,NA,NA,NA,NA,199.5,NA,NA,NA,NA,NA,NA,NA,NA,NA
